"","BS-CCI-BAL_NSA","BS-CCI-BAL_SA","BS-CEME-BAL_NSA","BS-CEME-BAL_SA","BS-COB-BAL_NSA","BS-COB-BAL_SA","BS-CPE-BAL_NSA","BS-CPE-BAL_SA","BS-CTA-BAL_NSA","BS-CTA-BAL_SA","BS-FLBA1-PC_NSA","BS-FLBA1-PC_SA","BS-FLBA2-PC_NSA","BS-FLBA2-PC_SA","BS-FLBA3-PC_NSA","BS-FLBA3-PC_SA","BS-FLBA4-PC_NSA","BS-FLBA4-PC_SA","BS-FLBA5-PC_NSA","BS-FLBA5-PC_SA","BS-FLBA6-PC_NSA","BS-FLBA6-PC_SA","BS-FLBA7-PC_NSA","BS-FLBA7-PC_SA","YEAR","MONTH"
"1","14.8 ","14.5 ","19.8 ","18.3 ","9.8 ","10.7 ","1.6 ","1.6 ","19.2 ","18.0 ","31.2 ","31.2 ","17.9 ","17.9 ","1.8 ","3.9 ","47.0 ","45.7 ","3.3 ","3.0 ","7.1 ","7.1 ","15.2 ","14.9 ","2019","10 "
"2","13.0 ","11.4 ","16.2 ","12.8 ","9.7 ","9.9 ","2.3 ","1.3 ","22.0 ","20.4 ","31.7 ","31.1 ","18.0 ","19.5 ","2.3 ","3.6 ","47.4 ","46.2 ","3.2 ","3.0 ","6.8 ","6.3 ","14.5 ","14.4 ","2019","09 "
"3","13.0 ","10.3 ","16.2 ","12.9 ","9.7 ","7.8 ","2.3 ","0.4 ","22.0 ","14.8 ","31.7 ","30.9 ","18.0 ","19.7 ","2.3 ","3.2 ","47.4 ","45.4 ","3.2 ","3.0 ","6.8 ","6.3 ","14.5 ","14.6 ","2019","08 "
"4","11.8 ","8.7 ","15.4 ","10.7 ","8.2 ","6.8 ","2.6 ","0.4 ","20.6 ","16.6 ","30.0 ","29.4 ","19.0 ","20.5 ","2.6 ","3.1 ","47.6 ","45.4 ","3.6 ","3.2 ","8.0 ","7.4 ","14.4 ","14.6 ","2019","07 "
"5","12.7 ","11.6 ","16.2 ","14.3 ","9.3 ","8.9 ","1.2 ","1.7 ","11.2 ","14.0 ","31.2 ","31.3 ","20.4 ","20.6 ","2.5 ","1.7 ","45.1 ","46.0 ","3.3 ","3.4 ","8.3 ","8.8 ","14.1 ","14.6 ","2019","06 "
"6","13.5 ","12.2 ","19.6 ","17.1 ","7.5 ","7.4 ","2.2 ","3.5 ","9.0 ","12.7 ","32.0 ","31.7 ","20.4 ","21.0 ","2.8 ","2.0 ","42.8 ","43.5 ","3.2 ","3.4 ","7.9 ","9.2 ","15.3 ","15.5 ","2019","05 "
"7","13.2 ","11.6 ","19.4 ","17.2 ","7.0 ","6.0 ","3.0 ","3.0 ","8.3 ","16.7 ","31.3 ","31.2 ","22.0 ","22.1 ","2.7 ","1.0 ","43.6 ","44.2 ","3.5 ","3.5 ","9.1 ","9.2 ","15.6 ","15.4 ","2019","04 "
"8","10.8 ","10.6 ","15.4 ","15.7 ","6.1 ","5.6 ","1.6 ","2.2 ","9.2 ","16.5 ","32.9 ","32.8 ","22.4 ","21.8 ","5.3 ","3.1 ","37.7 ","40.6 ","2.2 ","2.5 ","9.0 ","9.2 ","14.6 ","15.1 ","2019","03 "
"9","11.0 ","11.4 ","16.5 ","18.6 ","5.6 ","4.2 ","7.4 ","7.1 ","15.3 ","14.7 ","32.0 ","31.2 ","22.9 ","22.8 ","7.3 ","4.9 ","38.4 ","40.9 ","2.1 ","2.6 ","8.4 ","8.9 ","13.4 ","13.8 ","2019","02 "
"10","6.5 ","6.2 ","9.9 ","11.7 ","3.1 ","0.7 ","6.3 ","3.9 ","17.3 ","10.3 ","32.3 ","31.6 ","25.0 ","24.5 ","5.3 ","4.4 ","38.8 ","40.5 ","2.3 ","2.6 ","8.3 ","8.6 ","15.0 ","15.2 ","2019","01 "
"11","6.8 ","9.7 ","12.7 ","17.7 ","0.9 ","1.7 ","2.6 ","4.5 ","21.0 ","14.2 ","30.0 ","29.6 ","25.3 ","25.0 ","2.1 ","4.2 ","41.6 ","42.3 ","3.1 ","3.5 ","9.7 ","9.8 ","15.3 ","15.4 ","2018","12 "
"12","5.9 ","8.2 ","13.5 ","18.4 ","-1.7 ","-1.9 ","1.4 ","3.9 ","16.9 ","11.2 ","30.2 ","30.2 ","26.1 ","25.4 ","3.2 ","5.5 ","40.3 ","40.3 ","3.1 ","3.1 ","9.5 ","9.2 ","15.8 ","15.2 ","2018","11 "
"13","3.6 ","4.7 ","13.7 ","14.2 ","-6.6 ","-4.9 ","3.3 ","4.7 ","12.0 ","11.3 ","30.5 ","30.4 ","27.0 ","26.3 ","1.7 ","4.6 ","40.2 ","39.5 ","3.2 ","3.0 ","10.6 ","10.9 ","14.7 ","14.3 ","2018","10 "
"14","9.8 ","9.3 ","22.2 ","20.1 ","-2.7 ","-1.5 ","6.4 ","6.7 ","11.3 ","11.1 ","29.8 ","29.0 ","24.9 ","25.6 ","3.2 ","5.3 ","39.2 ","38.7 ","3.7 ","3.6 ","11.9 ","11.6 ","14.1 ","13.4 ","2018","09 "
"15","9.7 ","8.4 ","20.3 ","18.4 ","-1.0 ","-1.6 ","7.0 ","6.2 ","21.1 ","14.9 ","30.3 ","29.2 ","25.6 ","26.5 ","3.7 ","5.4 ","39.0 ","37.8 ","3.6 ","3.5 ","12.6 ","11.9 ","14.3 ","13.9 ","2018","08 "
"16","10.2 ","8.2 ","21.9 ","18.0 ","-1.6 ","-1.6 ","8.5 ","7.8 ","16.7 ","15.1 ","30.5 ","29.5 ","26.3 ","26.7 ","4.3 ","5.4 ","38.7 ","37.3 ","3.9 ","3.5 ","12.2 ","11.5 ","13.7 ","13.4 ","2018","07 "
"17","6.3 ","6.4 ","17.4 ","16.2 ","-4.8 ","-3.3 ","4.3 ","5.6 ","5.9 ","10.3 ","28.8 ","29.0 ","28.0 ","27.4 ","12.3 ","11.4 ","33.4 ","34.8 ","2.3 ","2.4 ","8.9 ","9.2 ","13.3 ","13.4 ","2018","06 "
"18","4.6 ","5.0 ","17.7 ","16.7 ","-8.5 ","-6.8 ","4.3 ","6.6 ","7.2 ","12.6 ","30.2 ","30.4 ","27.7 ","27.1 ","12.3 ","11.4 ","32.5 ","34.0 ","2.1 ","2.2 ","7.9 ","9.0 ","13.2 ","13.3 ","2018","05 "
"19","4.8 ","4.9 ","18.3 ","17.5 ","-8.7 ","-7.6 ","4.7 ","5.7 ","6.0 ","17.2 ","30.2 ","30.9 ","26.2 ","25.3 ","15.3 ","13.1 ","32.0 ","33.7 ","1.9 ","1.9 ","10.2 ","10.3 ","13.2 ","13.0 ","2018","04 "
"20","4.7 ","5.9 ","15.7 ","16.6 ","-6.3 ","-4.7 ","3.6 ","4.2 ","10.2 ","20.4 ","32.9 ","34.1 ","30.8 ","29.3 ","10.6 ","8.1 ","28.5 ","31.9 ","1.6 ","1.7 ","9.1 ","9.2 ","12.7 ","13.1 ","2018","03 "
"21","1.5 ","3.4 ","9.3 ","12.4 ","-6.3 ","-5.5 ","2.7 ","3.2 ","18.3 ","20.5 ","33.5 ","34.2 ","30.7 ","29.5 ","8.6 ","5.9 ","27.5 ","30.0 ","1.7 ","2.0 ","8.1 ","8.5 ","14.3 ","14.4 ","2018","02 "
"22","3.9 ","4.4 ","12.2 ","13.8 ","-4.4 ","-5.0 ","7.2 ","5.1 ","23.4 ","18.1 ","32.9 ","33.8 ","31.6 ","30.5 ","6.7 ","5.1 ","27.2 ","28.8 ","2.0 ","2.0 ","9.9 ","10.0 ","12.8 ","13.3 ","2018","01 "
"23","1.5 ","5.7 ","11.3 ","17.1 ","-8.3 ","-5.7 ","-0.1 ","1.7 ","23.5 ","18.9 ","34.7 ","35.5 ","31.3 ","30.7 ","2.3 ","3.3 ","27.3 ","28.9 ","2.2 ","2.3 ","9.6 ","9.5 ","13.1 ","13.7 ","2017","12 "
"24","-2.8 ","0.5 ","4.8 ","10.3 ","-10.4 ","-9.4 ","-4.9 ","-3.4 ","19.6 ","14.8 ","32.2 ","33.5 ","34.0 ","33.0 ","1.4 ","2.7 ","26.8 ","26.3 ","2.4 ","2.3 ","11.6 ","11.3 ","14.4 ","14.3 ","2017","11 "
"25","-0.4 ","0.6 ","10.3 ","10.6 ","-11.2 ","-9.5 ","-3.2 ","-2.9 ","12.1 ","11.7 ","33.3 ","34.6 ","34.0 ","33.4 ","1.0 ","2.7 ","26.6 ","25.1 ","2.6 ","2.0 ","9.4 ","9.7 ","14.9 ","14.8 ","2017","10 "
"26","-1.2 ","-1.4 ","13.1 ","12.1 ","-15.5 ","-14.9 ","-5.1 ","-5.7 ","16.2 ","15.8 ","34.0 ","34.1 ","34.7 ","35.4 ","0.8 ","1.8 ","26.1 ","25.1 ","1.7 ","1.6 ","9.6 ","9.6 ","14.0 ","13.3 ","2017","09 "
"27","-1.3 ","-2.3 ","11.3 ","10.1 ","-14.0 ","-14.6 ","-5.8 ","-7.7 ","17.5 ","11.5 ","34.4 ","34.0 ","36.2 ","37.4 ","1.0 ","1.6 ","25.9 ","24.1 ","1.6 ","1.4 ","8.8 ","8.6 ","13.0 ","12.7 ","2017","08 "
"28","-0.8 ","-2.2 ","14.2 ","11.0 ","-15.7 ","-15.4 ","-5.0 ","-5.7 ","14.9 ","13.5 ","36.0 ","35.7 ","34.5 ","35.1 ","1.0 ","1.0 ","23.7 ","21.5 ","1.6 ","1.3 ","10.1 ","9.9 ","13.2 ","12.9 ","2017","07 "
"29","-7.1 ","-7.6 ","6.9 ","5.2 ","-21.1 ","-20.4 ","-11.6 ","-11.6 ","9.2 ","12.1 ","37.2 ","37.5 ","38.7 ","38.5 ","1.5 ","1.3 ","16.9 ","17.3 ","0.9 ","0.9 ","9.5 ","9.7 ","13.4 ","13.6 ","2017","06 "
"30","-9.1 ","-9.8 ","4.8 ","3.4 ","-23.1 ","-23.1 ","-14.9 ","-13.3 ","4.4 ","8.7 ","35.5 ","35.6 ","39.5 ","39.3 ","2.0 ","2.1 ","17.1 ","17.1 ","0.9 ","0.9 ","8.4 ","9.2 ","14.2 ","14.5 ","2017","05 "
"31","-10.7 ","-11.7 ","1.9 ","0.5 ","-23.2 ","-23.8 ","-12.0 ","-11.2 ","-7.7 ","2.5 ","33.8 ","34.3 ","43.6 ","42.2 ","2.4 ","2.0 ","15.7 ","15.6 ","0.9 ","0.8 ","9.9 ","10.2 ","15.1 ","14.8 ","2017","04 "
"32","-16.9 ","-16.7 ","-3.4 ","-2.8 ","-30.4 ","-30.6 ","-14.1 ","-14.1 ","-6.3 ","3.2 ","33.1 ","34.3 ","43.8 ","42.9 ","6.4 ","5.1 ","12.6 ","13.5 ","0.8 ","0.8 ","9.8 ","9.8 ","13.1 ","13.4 ","2017","03 "
"33","-17.3 ","-16.4 ","-6.0 ","-4.1 ","-28.5 ","-28.7 ","-15.0 ","-15.1 ","1.7 ","4.4 ","34.0 ","34.7 ","44.1 ","43.2 ","8.1 ","6.8 ","12.1 ","12.7 ","0.6 ","0.7 ","9.5 ","9.4 ","13.1 ","13.5 ","2017","02 "
"34","-16.8 ","-16.5 ","-4.3 ","-3.1 ","-29.3 ","-30.0 ","-13.8 ","-15.2 ","11.3 ","7.6 ","33.1 ","33.6 ","44.5 ","43.8 ","5.6 ","5.3 ","11.9 ","12.0 ","0.8 ","0.7 ","9.3 ","9.4 ","14.7 ","15.1 ","2017","01 "
"35","-24.5 ","-19.9 ","-11.3 ","-4.8 ","-37.7 ","-34.9 ","-21.0 ","-18.7 ","4.7 ","1.8 ","31.5 ","31.7 ","48.3 ","48.0 ","1.9 ","4.3 ","11.4 ","11.9 ","0.6 ","0.8 ","8.4 ","7.9 ","14.8 ","15.5 ","2016","12 "
"36","-23.4 ","-19.9 ","-12.4 ","-7.2 ","-34.4 ","-32.7 ","-22.2 ","-21.0 ","7.8 ","4.0 ","31.5 ","31.8 ","49.2 ","48.4 ","1.8 ","4.2 ","11.9 ","11.5 ","0.7 ","0.7 ","9.1 ","9.1 ","15.0 ","15.2 ","2016","11 "
"37","-22.1 ","-20.9 ","-6.0 ","-6.0 ","-38.2 ","-35.8 ","-21.7 ","-21.4 ","2.1 ","1.1 ","31.3 ","31.7 ","49.9 ","49.2 ","1.5 ","4.2 ","12.4 ","11.5 ","0.8 ","0.6 ","8.1 ","8.3 ","14.0 ","14.3 ","2016","10 "
"38","-26.4 ","-26.9 ","-10.2 ","-11.4 ","-42.5 ","-42.4 ","-23.8 ","-24.8 ","-6.7 ","-7.5 ","31.8 ","31.1 ","47.4 ","48.1 ","3.9 ","5.1 ","9.9 ","9.5 ","0.8 ","0.8 ","9.8 ","9.7 ","14.1 ","13.6 ","2016","09 "
"39","-24.5 ","-25.7 ","-9.0 ","-10.6 ","-40.0 ","-40.8 ","-22.1 ","-24.3 ","0.1 ","-6.0 ","30.8 ","29.4 ","48.6 ","50.3 ","4.7 ","5.3 ","10.5 ","9.8 ","1.0 ","1.0 ","9.8 ","9.3 ","14.2 ","13.5 ","2016","08 "
"40","-26.4 ","-27.3 ","-10.2 ","-12.9 ","-42.5 ","-41.7 ","-23.8 ","-23.8 ","-6.7 ","-7.2 ","29.8 ","28.7 ","51.3 ","51.9 ","6.6 ","6.0 ","10.2 ","9.2 ","1.2 ","1.1 ","9.1 ","8.6 ","14.1 ","13.5 ","2016","07 "
"41","-31.0 ","-31.7 ","-15.1 ","-17.4 ","-47.0 ","-46.0 ","-26.3 ","-26.7 ","-15.2 ","-10.8 ","24.6 ","24.2 ","54.1 ","54.2 ","4.1 ","2.4 ","7.9 ","8.2 ","0.9 ","1.0 ","7.9 ","7.8 ","14.1 ","14.1 ","2016","06 "
"42","-31.1 ","-32.0 ","-14.2 ","-16.1 ","-48.0 ","-48.0 ","-28.4 ","-27.6 ","-15.2 ","-10.4 ","24.8 ","24.0 ","54.9 ","54.8 ","3.0 ","1.7 ","8.3 ","8.5 ","0.8 ","0.9 ","6.9 ","7.4 ","13.6 ","13.9 ","2016","05 "
"43","-31.6 ","-33.1 ","-16.4 ","-19.1 ","-46.8 ","-47.1 ","-29.1 ","-28.1 ","-23.1 ","-14.3 ","24.6 ","24.2 ","55.4 ","54.6 ","3.7 ","1.9 ","7.8 ","8.0 ","1.2 ","1.3 ","7.6 ","7.8 ","14.1 ","13.9 ","2016","04 "
"44","-34.7 ","-35.7 ","-20.7 ","-21.1 ","-48.7 ","-50.3 ","-30.6 ","-30.7 ","-25.6 ","-18.2 ","22.4 ","22.6 ","56.4 ","56.3 ","3.4 ","1.5 ","8.2 ","9.2 ","1.5 ","1.6 ","8.6 ","8.5 ","14.3 ","14.2 ","2016","03 "
"45","-36.6 ","-37.0 ","-23.0 ","-22.4 ","-50.2 ","-51.6 ","-31.7 ","-31.8 ","-17.9 ","-16.7 ","23.2 ","23.2 ","56.7 ","56.1 ","3.1 ","1.7 ","8.1 ","8.6 ","1.1 ","1.3 ","9.1 ","9.1 ","14.4 ","14.5 ","2016","02 "
"46","-35.4 ","-35.9 ","-21.4 ","-20.7 ","-49.4 ","-51.0 ","-30.4 ","-31.2 ","-12.9 ","-17.0 ","23.5 ","23.6 ","57.8 ","57.4 ","2.3 ","1.4 ","7.8 ","7.8 ","1.3 ","1.3 ","8.8 ","9.0 ","13.6 ","14.1 ","2016","01 "
"47","-43.0 ","-39.4 ","-32.5 ","-26.7 ","-53.4 ","-52.1 ","-33.0 ","-30.0 ","-13.0 ","-17.7 ","22.9 ","22.5 ","55.9 ","56.0 ","1.6 ","3.7 ","7.6 ","8.1 ","0.7 ","0.9 ","9.2 ","8.6 ","12.8 ","13.9 ","2015","12 "
"48","-40.7 ","-37.8 ","-29.7 ","-25.4 ","-51.8 ","-50.2 ","-32.9 ","-31.2 ","-16.2 ","-20.3 ","23.2 ","23.3 ","56.0 ","55.9 ","1.0 ","3.5 ","8.2 ","8.1 ","0.9 ","0.8 ","9.4 ","9.4 ","13.2 ","13.7 ","2015","11 "
"49","-40.9 ","-39.9 ","-27.1 ","-27.0 ","-54.7 ","-52.9 ","-35.2 ","-34.8 ","-20.7 ","-23.1 ","22.2 ","22.7 ","56.3 ","56.6 ","1.0 ","3.8 ","7.8 ","7.2 ","1.2 ","1.0 ","9.3 ","9.3 ","13.3 ","13.9 ","2015","10 "
"50","-39.9 ","-41.9 ","-24.8 ","-27.2 ","-55.1 ","-56.7 ","-32.4 ","-34.2 ","-22.5 ","-26.9 ","23.6 ","24.0 ","57.8 ","59.1 ","0.7 ","2.1 ","7.1 ","6.5 ","1.0 ","1.0 ","9.0 ","9.2 ","15.4 ","15.0 ","2015","09 "
"51","-41.4 ","-44.0 ","-26.7 ","-29.4 ","-56.1 ","-58.6 ","-32.1 ","-35.0 ","-18.1 ","-27.3 ","24.4 ","23.9 ","56.6 ","58.9 ","1.1 ","1.9 ","7.3 ","6.7 ","0.9 ","0.8 ","10.2 ","10.1 ","15.5 ","15.2 ","2015","08 "
"52","-42.0 ","-44.3 ","-26.4 ","-30.0 ","-57.7 ","-58.7 ","-34.4 ","-35.2 ","-25.6 ","-29.7 ","23.5 ","23.5 ","58.7 ","60.2 ","0.8 ","0.6 ","7.4 ","6.5 ","1.1 ","1.0 ","9.4 ","8.9 ","15.6 ","15.1 ","2015","07 "
"53","-42.8 ","-44.9 ","-26.9 ","-30.6 ","-58.6 ","-59.2 ","-36.4 ","-37.3 ","-32.4 ","-30.3 ","24.3 ","24.1 ","57.6 ","59.0 ","1.0 ","-0.9 ","6.3 ","6.4 ","1.3 ","1.4 ","9.4 ","8.9 ","14.7 ","14.4 ","2015","06 "
"54","-44.4 ","-46.5 ","-31.5 ","-34.2 ","-57.3 ","-58.9 ","-38.1 ","-38.3 ","-34.0 ","-30.1 ","24.4 ","24.0 ","58.5 ","59.3 ","1.4 ","-0.5 ","7.3 ","7.4 ","1.2 ","1.3 ","9.2 ","9.5 ","14.2 ","14.4 ","2015","05 "
"55","-45.2 ","-47.5 ","-31.9 ","-35.4 ","-58.5 ","-59.5 ","-39.0 ","-38.5 ","-38.4 ","-30.7 ","25.0 ","25.4 ","58.6 ","58.4 ","1.8 ","-0.8 ","6.8 ","6.6 ","1.3 ","1.3 ","9.3 ","9.4 ","14.4 ","14.1 ","2015","04 "
"56","-44.9 ","-46.3 ","-30.6 ","-30.8 ","-59.3 ","-61.8 ","-38.6 ","-39.1 ","-42.1 ","-35.8 ","22.8 ","23.0 ","59.6 ","60.2 ","3.1 ","-0.4 ","6.4 ","7.7 ","0.8 ","1.0 ","9.5 ","9.3 ","14.3 ","14.0 ","2015","03 "
"57","-45.8 ","-46.7 ","-31.5 ","-31.1 ","-60.1 ","-62.4 ","-40.0 ","-40.5 ","-37.0 ","-35.3 ","22.9 ","23.2 ","59.5 ","59.4 ","3.6 ","0.5 ","6.6 ","7.4 ","0.6 ","0.8 ","9.6 ","9.8 ","14.5 ","14.4 ","2015","02 "
"58","-46.4 ","-46.4 ","-33.8 ","-32.3 ","-58.9 ","-60.5 ","-39.2 ","-39.7 ","-27.7 ","-29.7 ","22.6 ","23.2 ","60.1 ","60.0 ","3.4 ","1.1 ","6.7 ","6.6 ","1.0 ","1.1 ","9.8 ","10.2 ","13.9 ","13.9 ","2015","01 "
"59","-47.8 ","-43.4 ","-35.6 ","-29.0 ","-59.9 ","-57.9 ","-42.4 ","-38.0 ","-26.7 ","-29.0 ","22.3 ","21.4 ","59.9 ","59.6 ","1.7 ","4.4 ","7.3 ","8.0 ","0.9 ","1.0 ","10.7 ","10.2 ","14.8 ","15.3 ","2014","12 "
"60","-45.8 ","-41.2 ","-32.3 ","-26.6 ","-59.3 ","-55.7 ","-40.3 ","-36.7 ","-28.7 ","-30.0 ","23.4 ","23.0 ","58.7 ","57.8 ","1.8 ","4.9 ","8.1 ","8.3 ","1.3 ","1.2 ","10.5 ","10.7 ","14.7 ","14.8 ","2014","11 "
"61","-45.4 ","-42.5 ","-30.8 ","-28.8 ","-60.0 ","-56.2 ","-39.6 ","-38.6 ","-36.4 ","-36.9 ","22.6 ","22.8 ","58.5 ","57.6 ","1.3 ","4.8 ","8.4 ","7.7 ","1.3 ","1.1 ","10.5 ","10.5 ","15.2 ","15.5 ","2014","10 "
"62","-40.8 ","-40.8 ","-28.7 ","-29.4 ","-52.9 ","-52.2 ","-38.1 ","-39.6 ","-31.3 ","-33.7 ","24.7 ","25.6 ","54.9 ","54.6 ","1.6 ","3.6 ","9.4 ","8.6 ","1.2 ","1.1 ","10.5 ","10.8 ","15.0 ","15.0 ","2014","09 "
"63","-40.2 ","-41.5 ","-28.4 ","-29.8 ","-52.1 ","-53.1 ","-37.5 ","-39.9 ","-22.7 ","-29.2 ","26.2 ","26.2 ","52.6 ","53.4 ","1.6 ","3.0 ","9.4 ","8.8 ","1.0 ","0.8 ","10.9 ","11.2 ","14.1 ","13.8 ","2014","08 "
"64","-38.3 ","-39.4 ","-24.3 ","-26.6 ","-52.3 ","-52.2 ","-38.3 ","-39.1 ","-23.2 ","-25.3 ","26.3 ","26.6 ","52.8 ","53.1 ","1.2 ","1.5 ","9.9 ","8.9 ","1.0 ","0.9 ","10.7 ","10.2 ","14.3 ","13.8 ","2014","07 "
"65","-33.8 ","-34.3 ","-22.6 ","-24.4 ","-45.0 ","-44.1 ","-34.9 ","-34.6 ","-16.6 ","-11.5 ","25.7 ","25.7 ","51.4 ","51.4 ","3.1 ","1.2 ","9.1 ","9.3 ","0.8 ","0.8 ","11.0 ","10.2 ","14.2 ","13.2 ","2014","06 "
"66","-31.2 ","-32.1 ","-19.9 ","-21.9 ","-42.4 ","-42.4 ","-37.7 ","-38.6 ","-17.7 ","-11.4 ","26.8 ","26.6 ","49.7 ","49.4 ","3.4 ","1.7 ","8.2 ","8.5 ","0.9 ","0.9 ","11.0 ","11.1 ","14.6 ","14.6 ","2014","05 "
"67","-30.6 ","-32.5 ","-19.1 ","-22.5 ","-42.0 ","-42.4 ","-36.9 ","-37.1 ","-21.1 ","-11.5 ","26.3 ","27.2 ","50.4 ","49.0 ","4.4 ","1.9 ","8.9 ","8.6 ","0.9 ","1.0 ","11.4 ","11.4 ","14.4 ","13.7 ","2014","04 "
"68","-27.6 ","-28.9 ","-17.8 ","-17.4 ","-37.3 ","-40.4 ","-33.8 ","-34.3 ","-20.1 ","-12.6 ","25.9 ","26.2 ","48.3 ","48.8 ","7.8 ","3.4 ","7.9 ","9.0 ","0.9 ","1.0 ","11.1 ","10.9 ","13.8 ","13.2 ","2014","03 "
"69","-29.5 ","-31.1 ","-20.4 ","-19.8 ","-38.6 ","-42.4 ","-33.8 ","-35.2 ","-14.4 ","-12.5 ","25.9 ","26.1 ","48.4 ","48.1 ","6.7 ","2.3 ","8.8 ","9.3 ","0.8 ","1.0 ","10.8 ","10.9 ","13.1 ","12.9 ","2014","02 "
"70","-29.2 ","-30.3 ","-18.9 ","-17.7 ","-39.5 ","-42.8 ","-33.2 ","-34.6 ","-13.1 ","-14.5 ","25.6 ","25.8 ","47.0 ","47.6 ","6.6 ","3.7 ","10.2 ","9.3 ","0.8 ","0.9 ","11.0 ","11.6 ","13.2 ","12.8 ","2014","01 "
"71","-30.7 ","-27.3 ","-20.0 ","-13.5 ","-41.4 ","-41.2 ","-38.2 ","-34.8 ","-14.7 ","-18.6 ","26.9 ","25.1 ","42.9 ","42.8 ","2.8 ","6.8 ","8.1 ","8.4 ","1.0 ","1.0 ","13.7 ","13.5 ","11.4 ","11.8 ","2013","12 "
"72","-32.6 ","-29.2 ","-23.0 ","-17.8 ","-42.2 ","-40.6 ","-35.4 ","-32.4 ","-9.3 ","-13.0 ","23.6 ","22.2 ","45.7 ","45.8 ","3.1 ","8.1 ","10.1 ","10.2 ","1.1 ","1.0 ","10.8 ","11.1 ","14.2 ","14.6 ","2013","11 "
"73","-26.4 ","-25.7 ","-12.6 ","-12.0 ","-40.3 ","-39.3 ","-32.0 ","-33.1 ","-7.4 ","-13.5 ","25.0 ","23.4 ","45.2 ","46.3 ","2.6 ","8.2 ","11.5 ","10.3 ","1.5 ","1.3 ","10.6 ","10.7 ","14.6 ","15.5 ","2013","10 "
"74","-24.5 ","-27.3 ","-12.8 ","-16.8 ","-36.1 ","-37.7 ","-31.8 ","-36.7 ","-8.5 ","-17.7 ","25.5 ","25.4 ","44.2 ","45.7 ","5.8 ","10.1 ","11.5 ","10.4 ","1.0 ","1.0 ","10.7 ","11.1 ","16.5 ","17.2 ","2013","09 "
"75","-25.6 ","-30.0 ","-13.9 ","-18.6 ","-37.4 ","-41.3 ","-30.5 ","-36.4 ","-6.3 ","-19.3 ","26.3 ","25.5 ","43.5 ","46.1 ","7.1 ","10.7 ","11.6 ","10.6 ","1.0 ","0.6 ","10.5 ","11.1 ","16.6 ","16.8 ","2013","08 "
"76","-27.3 ","-31.4 ","-14.7 ","-19.8 ","-39.9 ","-43.0 ","-39.4 ","-43.7 ","-16.3 ","-25.5 ","24.7 ","24.8 ","45.3 ","47.5 ","10.7 ","13.2 ","12.2 ","10.7 ","1.0 ","0.8 ","12.0 ","11.6 ","16.7 ","16.6 ","2013","07 "
"77","-28.6 ","-31.3 ","-15.6 ","-19.9 ","-41.7 ","-42.7 ","-38.3 ","-39.9 ","-29.5 ","-27.7 ","25.0 ","25.1 ","46.8 ","48.2 ","17.5 ","17.0 ","11.4 ","11.5 ","0.8 ","0.7 ","11.3 ","10.3 ","15.0 ","14.1 ","2013","06 "
"78","-28.9 ","-31.5 ","-16.1 ","-20.5 ","-41.7 ","-42.5 ","-37.8 ","-41.1 ","-31.1 ","-28.0 ","25.3 ","25.7 ","47.6 ","48.1 ","15.7 ","14.6 ","11.3 ","11.1 ","1.1 ","1.1 ","11.5 ","11.6 ","14.6 ","15.2 ","2013","05 "
"79","-26.3 ","-29.8 ","-11.6 ","-17.7 ","-40.9 ","-42.0 ","-38.8 ","-40.3 ","-36.5 ","-29.7 ","23.5 ","25.1 ","49.7 ","48.9 ","17.8 ","14.9 ","11.9 ","11.4 ","0.8 ","0.8 ","11.0 ","11.0 ","16.1 ","15.9 ","2013","04 "
"80","-27.9 ","-30.1 ","-17.6 ","-19.1 ","-38.3 ","-41.1 ","-36.0 ","-36.6 ","-28.2 ","-22.4 ","25.5 ","26.8 ","46.8 ","47.4 ","11.2 ","6.0 ","9.7 ","10.6 ","0.8 ","0.9 ","11.9 ","11.8 ","16.2 ","16.0 ","2013","03 "
"81","-26.2 ","-28.6 ","-17.1 ","-18.4 ","-35.3 ","-38.9 ","-32.0 ","-33.6 ","-21.3 ","-20.4 ","26.2 ","27.5 ","46.5 ","45.7 ","10.2 ","3.8 ","11.0 ","11.4 ","0.8 ","1.0 ","11.9 ","12.2 ","16.3 ","16.6 ","2013","02 "
"82","-25.6 ","-27.0 ","-16.9 ","-17.4 ","-34.4 ","-36.6 ","-31.7 ","-32.9 ","-16.0 ","-17.7 ","26.8 ","28.4 ","45.0 ","46.1 ","8.1 ","3.3 ","12.6 ","11.8 ","1.3 ","1.3 ","11.6 ","12.2 ","15.4 ","15.1 ","2013","01 "
"83","-29.9 ","-25.9 ","-23.2 ","-17.0 ","-36.5 ","-34.8 ","-33.9 ","-30.4 ","-14.2 ","-18.7 ","28.1 ","27.7 ","47.1 ","45.6 ","3.6 ","6.1 ","11.6 ","11.8 ","0.8 ","0.9 ","10.7 ","11.2 ","14.9 ","14.8 ","2012","12 "
"84","-28.6 ","-24.8 ","-20.0 ","-15.5 ","-37.1 ","-34.1 ","-34.5 ","-29.9 ","-15.5 ","-18.2 ","28.2 ","26.6 ","46.5 ","45.6 ","3.3 ","6.9 ","12.0 ","12.1 ","0.9 ","0.9 ","10.8 ","11.0 ","15.0 ","15.3 ","2012","11 "
"85","-26.5 ","-24.0 ","-16.8 ","-14.7 ","-36.1 ","-33.2 ","-33.7 ","-32.5 ","-15.0 ","-18.4 ","27.7 ","26.0 ","45.0 ","44.9 ","2.8 ","6.7 ","12.1 ","11.1 ","1.3 ","1.2 ","11.2 ","11.1 ","14.4 ","15.4 ","2012","10 "
"86","-21.9 ","-22.9 ","-14.0 ","-16.7 ","-29.9 ","-29.0 ","-32.6 ","-35.5 ","-12.4 ","-19.1 ","28.5 ","28.1 ","43.1 ","43.1 ","5.5 ","8.4 ","12.6 ","11.7 ","0.9 ","1.0 ","10.8 ","11.0 ","16.2 ","17.4 ","2012","09 "
"87","-19.7 ","-22.2 ","-12.2 ","-15.9 ","-27.2 ","-28.5 ","-30.3 ","-33.7 ","-7.3 ","-16.8 ","28.8 ","28.3 ","42.4 ","43.0 ","6.3 ","8.8 ","12.8 ","12.2 ","1.5 ","1.2 ","11.0 ","11.4 ","15.7 ","16.4 ","2012","08 "
"88","-19.8 ","-21.8 ","-11.6 ","-15.4 ","-27.9 ","-28.3 ","-27.7 ","-30.5 ","-12.8 ","-19.0 ","29.2 ","29.3 ","40.7 ","40.9 ","7.6 ","9.7 ","14.7 ","14.1 ","1.4 ","1.2 ","11.4 ","11.0 ","15.8 ","16.1 ","2012","07 "
"89","-18.1 ","-18.6 ","-6.5 ","-8.7 ","-29.7 ","-28.5 ","-24.7 ","-24.5 ","-17.6 ","-13.0 ","29.7 ","30.2 ","41.1 ","40.6 ","4.9 ","5.1 ","13.6 ","15.1 ","0.9 ","0.8 ","11.2 ","9.7 ","15.0 ","13.9 ","2012","06 "
"90","-17.3 ","-16.9 ","-7.7 ","-9.2 ","-26.8 ","-24.5 ","-25.1 ","-25.7 ","-19.0 ","-12.6 ","28.5 ","29.4 ","42.0 ","40.4 ","5.9 ","5.5 ","13.7 ","15.3 ","0.9 ","0.9 ","8.7 ","8.4 ","14.6 ","14.9 ","2012","05 "
"91","-14.8 ","-14.9 ","-4.5 ","-6.4 ","-25.1 ","-23.4 ","-23.8 ","-22.5 ","-19.0 ","-9.1 ","27.7 ","29.4 ","41.4 ","38.9 ","4.7 ","2.9 ","15.5 ","17.0 ","1.1 ","1.1 ","10.2 ","9.5 ","15.1 ","14.9 ","2012","04 "
"92","-15.8 ","-14.9 ","-8.5 ","-6.0 ","-23.2 ","-23.7 ","-22.6 ","-19.5 ","-8.4 ","2.6 ","28.8 ","30.1 ","41.1 ","40.1 ","7.6 ","2.2 ","14.7 ","17.2 ","1.0 ","1.2 ","10.1 ","9.9 ","15.5 ","15.3 ","2012","03 "
"93","-14.8 ","-13.5 ","-5.6 ","-2.4 ","-23.9 ","-24.7 ","-24.2 ","-22.2 ","-2.9 ","3.4 ","28.6 ","30.2 ","43.8 ","41.7 ","7.0 ","-0.4 ","14.4 ","15.9 ","1.2 ","1.5 ","9.4 ","9.7 ","15.0 ","15.3 ","2012","02 "
"94","-14.5 ","-12.2 ","-6.4 ","-2.5 ","-22.7 ","-21.9 ","-23.3 ","-21.6 ","2.5 ","6.1 ","28.6 ","30.5 ","43.9 ","43.8 ","5.1 ","-0.7 ","15.1 ","15.4 ","0.9 ","1.0 ","8.5 ","8.8 ","15.5 ","14.8 ","2012","01 "
"95","-20.3 ","-13.8 ","-12.4 ","-3.1 ","-28.1 ","-24.5 ","-28.5 ","-22.3 ","0.7 ","0.8 ","32.5 ","32.2 ","43.0 ","40.4 ","1.8 ","3.8 ","16.2 ","18.1 ","1.2 ","1.3 ","9.2 ","9.7 ","15.8 ","15.0 ","2011","12 "
"96","-20.7 ","-14.7 ","-11.5 ","-4.1 ","-29.9 ","-25.2 ","-27.8 ","-19.7 ","-0.4 ","1.0 ","33.2 ","31.2 ","41.7 ","40.1 ","1.9 ","5.4 ","15.4 ","16.7 ","1.3 ","1.3 ","9.1 ","9.5 ","13.8 ","13.4 ","2011","11 "
"97","-18.7 ","-13.8 ","-7.5 ","-2.0 ","-29.9 ","-25.7 ","-24.0 ","-19.3 ","0.1 ","1.1 ","32.0 ","29.5 ","42.8 ","42.1 ","1.3 ","5.2 ","17.9 ","17.5 ","1.2 ","1.3 ","9.6 ","9.7 ","12.5 ","12.5 ","2011","10 "
"98","-14.6 ","-14.2 ","2.1 ","1.2 ","-31.3 ","-29.5 ","-14.0 ","-14.6 ","8.0 ","4.4 ","26.7 ","25.5 ","43.3 ","43.1 ","1.0 ","4.4 ","17.2 ","16.8 ","1.4 ","1.5 ","8.6 ","8.7 ","9.1 ","9.9 ","2011","09 "
"99","-7.7 ","-8.7 ","7.9 ","5.9 ","-23.3 ","-23.3 ","-12.3 ","-13.6 ","15.4 ","9.4 ","26.5 ","25.1 ","42.4 ","43.1 ","1.0 ","4.5 ","16.5 ","15.9 ","1.8 ","1.7 ","8.2 ","8.7 ","9.8 ","10.0 ","2011","08 "
"100","-5.8 ","-6.4 ","12.3 ","9.9 ","-23.9 ","-22.7 ","-11.1 ","-12.4 ","15.3 ","11.1 ","26.7 ","26.5 ","43.1 ","43.1 ","0.6 ","4.1 ","16.9 ","15.6 ","1.8 ","1.7 ","9.4 ","9.5 ","9.6 ","9.6 ","2011","07 "
"101","-9.5 ","-9.2 ","8.0 ","7.3 ","-27.0 ","-25.8 ","-17.2 ","-15.4 ","9.6 ","15.3 ","29.8 ","29.4 ","42.9 ","42.1 ","2.3 ","3.2 ","15.4 ","17.5 ","1.0 ","0.9 ","9.2 ","8.8 ","11.3 ","10.0 ","2011","06 "
"102","-9.6 ","-8.6 ","8.4 ","7.7 ","-27.6 ","-24.8 ","-12.7 ","-12.0 ","7.4 ","13.8 ","29.7 ","30.7 ","42.9 ","41.1 ","2.5 ","3.3 ","15.1 ","16.8 ","1.2 ","1.2 ","10.5 ","9.8 ","10.7 ","10.8 ","2011","05 "
"103","-12.4 ","-11.8 ","7.0 ","5.5 ","-31.8 ","-29.1 ","-14.4 ","-12.1 ","3.7 ","12.0 ","28.4 ","29.5 ","44.6 ","41.7 ","3.1 ","2.1 ","14.9 ","16.1 ","1.2 ","1.3 ","9.6 ","8.8 ","10.5 ","10.2 ","2011","04 "
"104","-15.7 ","-15.0 ","-1.7 ","0.5 ","-29.8 ","-30.4 ","-19.5 ","-15.8 ","-13.8 ","-3.2 ","29.2 ","29.5 ","44.0 ","42.7 ","13.0 ","9.0 ","11.6 ","13.8 ","1.0 ","1.0 ","9.9 ","10.3 ","10.8 ","10.8 ","2011","03 "
"105","-14.8 ","-13.6 ","-1.7 ","1.9 ","-27.9 ","-29.1 ","-22.8 ","-20.4 ","-12.3 ","-6.1 ","28.5 ","29.6 ","44.3 ","42.3 ","17.3 ","10.8 ","13.1 ","14.3 ","0.7 ","0.9 ","8.8 ","9.4 ","10.8 ","11.5 ","2011","02 "
"106","-18.4 ","-16.0 ","-5.4 ","-1.7 ","-31.4 ","-30.3 ","-23.4 ","-23.4 ","-14.0 ","-10.7 ","27.5 ","29.2 ","44.3 ","44.6 ","19.5 ","14.1 ","14.4 ","14.2 ","1.1 ","1.1 ","7.4 ","7.4 ","11.8 ","11.6 ","2011","01 "
"107","-24.9 ","-19.6 ","-12.9 ","-4.9 ","-37.0 ","-34.2 ","-34.9 ","-31.0 ","-4.0 ","-5.3 ","29.2 ","29.4 ","48.3 ","46.6 ","5.7 ","7.5 ","12.0 ","13.2 ","0.9 ","0.8 ","8.1 ","8.9 ","9.6 ","9.5 ","2010","12 "
"108","-26.2 ","-22.1 ","-12.2 ","-7.4 ","-40.1 ","-36.8 ","-38.2 ","-32.5 ","-10.9 ","-11.8 ","29.6 ","28.3 ","51.3 ","50.0 ","2.3 ","5.4 ","12.1 ","12.6 ","1.0 ","1.0 ","7.8 ","8.2 ","9.4 ","9.4 ","2010","11 "
"109","-27.5 ","-24.6 ","-11.0 ","-7.8 ","-43.9 ","-41.4 ","-32.7 ","-30.4 ","-5.5 ","-7.0 ","30.6 ","28.6 ","50.2 ","50.2 ","2.0 ","5.5 ","12.7 ","12.2 ","1.0 ","1.1 ","8.0 ","7.9 ","8.3 ","8.7 ","2010","10 "
"110","-27.5 ","-30.1 ","-11.0 ","-14.6 ","-43.9 ","-45.7 ","-32.7 ","-34.8 ","-5.5 ","-11.6 ","28.7 ","26.7 ","52.9 ","54.0 ","2.5 ","5.4 ","13.8 ","13.0 ","0.8 ","1.0 ","8.7 ","8.4 ","9.4 ","9.9 ","2010","09 "
"111","-27.5 ","-30.8 ","-11.0 ","-15.1 ","-43.9 ","-46.4 ","-32.7 ","-35.9 ","-5.5 ","-13.4 ","32.2 ","29.8 ","49.8 ","51.8 ","2.9 ","5.7 ","13.3 ","12.1 ","1.4 ","1.5 ","7.8 ","7.9 ","10.8 ","11.0 ","2010","08 "
"112","-27.6 ","-30.3 ","-12.2 ","-16.2 ","-42.9 ","-44.4 ","-32.9 ","-36.3 ","-5.7 ","-12.4 ","31.0 ","30.2 ","51.4 ","53.1 ","3.0 ","5.6 ","11.6 ","10.3 ","1.0 ","1.0 ","9.1 ","9.1 ","10.3 ","10.2 ","2010","07 "
"113","-32.8 ","-34.7 ","-15.8 ","-18.2 ","-49.8 ","-51.3 ","-43.2 ","-44.8 ","-30.0 ","-26.4 ","27.4 ","26.7 ","49.9 ","50.6 ","7.8 ","8.0 ","9.0 ","9.6 ","1.9 ","1.7 ","13.5 ","13.2 ","14.7 ","13.7 ","2010","06 "
"114","-31.0 ","-31.9 ","-14.7 ","-16.6 ","-47.4 ","-47.2 ","-38.8 ","-40.2 ","-32.0 ","-26.8 ","30.4 ","31.3 ","51.9 ","51.4 ","8.8 ","8.5 ","10.7 ","10.8 ","1.2 ","1.1 ","7.3 ","6.8 ","8.9 ","8.9 ","2010","05 "
"115","-31.0 ","-32.1 ","-13.8 ","-16.6 ","-48.1 ","-47.7 ","-45.6 ","-45.5 ","-38.3 ","-31.6 ","29.2 ","30.3 ","53.8 ","52.5 ","13.0 ","10.3 ","10.7 ","10.5 ","1.1 ","1.3 ","6.7 ","5.8 ","10.9 ","10.7 ","2010","04 "
"116","-30.0 ","-31.5 ","-12.9 ","-13.0 ","-47.2 ","-49.9 ","-45.2 ","-44.7 ","-32.2 ","-25.1 ","26.9 ","27.3 ","49.9 ","50.1 ","12.5 ","8.2 ","10.2 ","10.6 ","0.9 ","0.9 ","7.1 ","7.6 ","9.2 ","9.3 ","2010","03 "
"117","-30.4 ","-31.0 ","-15.5 ","-14.4 ","-45.2 ","-47.7 ","-36.7 ","-37.8 ","-26.4 ","-24.5 ","29.2 ","30.5 ","48.6 ","48.3 ","11.7 ","6.1 ","10.0 ","9.7 ","0.8 ","0.9 ","6.9 ","7.5 ","7.7 ","8.5 ","2010","02 "
"118","-30.6 ","-30.7 ","-13.8 ","-12.8 ","-47.3 ","-48.5 ","-42.3 ","-46.8 ","-25.1 ","-28.0 ","29.1 ","31.0 ","48.2 ","50.2 ","10.5 ","6.8 ","11.0 ","9.7 ","0.8 ","0.8 ","7.0 ","6.5 ","8.6 ","8.6 ","2010","01 "
"119","-36.5 ","-34.7 ","-22.9 ","-18.5 ","-50.1 ","-50.9 ","-47.7 ","-49.2 ","-26.4 ","-32.6 ","31.9 ","32.6 ","53.0 ","53.9 ","2.0 ","3.3 ","11.2 ","10.9 ","1.0 ","0.7 ","8.0 ","8.5 ","8.0 ","7.8 ","2009","12 "
"120","-36.7 ","-36.4 ","-20.9 ","-19.9 ","-52.5 ","-53.0 ","-49.3 ","-49.1 ","-27.0 ","-33.4 ","31.9 ","31.2 ","52.2 ","53.7 ","1.0 ","3.2 ","11.4 ","10.4 ","1.3 ","1.1 ","8.9 ","9.0 ","8.7 ","8.6 ","2009","11 "
"121","-33.7 ","-34.1 ","-19.2 ","-18.9 ","-48.3 ","-49.3 ","-44.5 ","-46.0 ","-26.6 ","-32.6 ","36.0 ","35.1 ","49.5 ","52.2 ","0.7 ","3.2 ","11.6 ","8.7 ","1.3 ","1.2 ","8.0 ","7.3 ","7.7 ","7.6 ","2009","10 "
"122","-31.3 ","-37.8 ","-15.7 ","-23.2 ","-46.9 ","-52.4 ","-42.9 ","-48.8 ","-29.4 ","-39.4 ","35.8 ","34.3 ","49.5 ","53.5 ","0.7 ","2.8 ","10.6 ","7.7 ","1.0 ","0.9 ","6.2 ","5.4 ","7.4 ","7.8 ","2009","09 "
"123","-31.7 ","-38.8 ","-17.2 ","-25.2 ","-46.3 ","-52.4 ","-42.9 ","-49.4 ","-27.0 ","-37.9 ","35.1 ","33.9 ","50.5 ","55.0 ","1.1 ","3.2 ","11.2 ","7.7 ","1.0 ","1.0 ","6.6 ","6.3 ","7.7 ","8.0 ","2009","08 "
"124","-32.1 ","-38.4 ","-18.1 ","-26.0 ","-46.0 ","-50.9 ","-49.0 ","-55.3 ","-32.5 ","-41.2 ","36.6 ","36.7 ","49.6 ","54.0 ","1.0 ","3.0 ","11.0 ","6.2 ","1.0 ","0.9 ","6.6 ","6.6 ","8.8 ","8.9 ","2009","07 "
"125","-33.1 ","-38.4 ","-21.0 ","-27.2 ","-45.2 ","-49.7 ","-50.8 ","-55.7 ","-42.4 ","-42.4 ","33.6 ","33.0 ","54.4 ","56.9 ","3.7 ","4.1 ","9.4 ","8.1 ","0.8 ","0.8 ","6.5 ","7.2 ","9.9 ","10.2 ","2009","06 "
"126","-36.4 ","-40.0 ","-20.7 ","-25.9 ","-52.1 ","-54.2 ","-51.6 ","-54.4 ","-40.9 ","-38.1 ","33.4 ","34.8 ","54.2 ","55.4 ","4.1 ","4.4 ","10.6 ","9.7 ","1.0 ","0.8 ","6.7 ","6.3 ","9.0 ","9.1 ","2009","05 "
"127","-31.5 ","-34.7 ","-21.1 ","-26.3 ","-41.8 ","-43.1 ","-48.2 ","-49.4 ","-43.7 ","-39.7 ","32.5 ","34.0 ","54.4 ","54.4 ","6.7 ","5.3 ","11.8 ","10.9 ","1.1 ","1.3 ","8.3 ","7.6 ","8.7 ","8.9 ","2009","04 "
"128","-31.6 ","-32.9 ","-24.7 ","-24.7 ","-38.5 ","-41.1 ","-52.4 ","-52.5 ","-40.1 ","-32.0 ","31.4 ","31.3 ","51.2 ","50.7 ","13.4 ","10.2 ","11.5 ","12.9 ","1.1 ","1.2 ","8.2 ","9.0 ","9.0 ","9.4 ","2009","03 "
"129","-31.2 ","-30.9 ","-22.5 ","-20.8 ","-39.8 ","-41.0 ","-53.7 ","-52.3 ","-33.4 ","-29.2 ","27.6 ","28.8 ","55.0 ","52.8 ","19.6 ","15.3 ","14.6 ","15.2 ","0.9 ","0.9 ","8.5 ","9.3 ","7.1 ","7.9 ","2009","02 "
"130","-29.3 ","-27.6 ","-21.7 ","-18.7 ","-36.9 ","-36.6 ","-48.2 ","-49.7 ","-27.0 ","-27.0 ","32.3 ","34.2 ","45.3 ","44.4 ","11.7 ","9.1 ","20.3 ","19.8 ","1.4 ","1.3 ","7.6 ","7.4 ","7.9 ","8.0 ","2009","01 "
"131","-29.0 ","-24.9 ","-21.0 ","-14.2 ","-36.9 ","-35.7 ","-39.1 ","-37.0 ","-18.1 ","-20.7 ","33.8 ","34.8 ","46.5 ","45.3 ","4.4 ","5.6 ","16.4 ","18.4 ","1.4 ","0.7 ","6.5 ","7.3 ","9.7 ","9.4 ","2008","12 "
"132","-23.4 ","-20.0 ","-15.0 ","-10.2 ","-31.8 ","-29.7 ","-34.2 ","-29.2 ","-12.3 ","-14.0 ","40.2 ","39.8 ","37.2 ","36.0 ","2.7 ","4.7 ","19.4 ","20.8 ","1.7 ","1.6 ","6.1 ","6.9 ","7.8 ","7.7 ","2008","11 "
"133","-17.2 ","-12.6 ","-7.1 ","-1.3 ","-27.3 ","-23.9 ","-28.4 ","-22.5 ","-11.9 ","-12.7 ","39.3 ","39.3 ","33.2 ","32.4 ","2.0 ","4.4 ","26.3 ","26.8 ","1.9 ","1.9 ","6.9 ","6.5 ","8.4 ","8.0 ","2008","10 "
"134","-2.9 ","-4.2 ","10.2 ","8.3 ","-16.1 ","-16.6 ","-11.1 ","-9.4 ","5.8 ","0.6 ","40.6 ","39.7 ","25.8 ","26.0 ","3.7 ","5.9 ","30.6 ","30.7 ","2.0 ","2.2 ","8.2 ","7.5 ","6.2 ","6.1 ","2008","09 "
"135","1.1 ","-0.9 ","14.8 ","12.0 ","-12.5 ","-13.7 ","-8.3 ","-7.4 ","9.1 ","3.6 ","40.6 ","39.6 ","22.0 ","22.7 ","3.4 ","5.6 ","33.4 ","32.7 ","1.8 ","1.9 ","7.5 ","7.3 ","6.3 ","6.2 ","2008","08 "
"136","0.0 ","-1.7 ","16.7 ","13.5 ","-16.7 ","-16.8 ","-3.2 ","-3.6 ","6.5 ","1.8 ","33.8 ","34.1 ","21.7 ","22.5 ","4.2 ","6.0 ","40.9 ","38.3 ","1.8 ","1.8 ","7.4 ","7.7 ","7.0 ","6.7 ","2008","07 "
"137","10.8 ","10.4 ","21.3 ","19.3 ","0.2 ","1.6 ","3.4 ","3.3 ","7.6 ","11.9 ","37.4 ","36.4 ","18.4 ","18.2 ","9.0 ","9.2 ","36.5 ","36.7 ","2.7 ","2.8 ","6.2 ","6.9 ","6.2 ","6.5 ","2008","06 "
"138","13.3 ","12.7 ","22.6 ","20.5 ","4.1 ","4.9 ","3.7 ","4.1 ","10.8 ","17.4 ","30.4 ","31.0 ","18.6 ","17.8 ","9.0 ","8.8 ","38.3 ","39.2 ","2.7 ","2.6 ","12.1 ","11.7 ","5.8 ","5.6 ","2008","05 "
"139","17.2 ","16.7 ","29.3 ","25.8 ","5.1 ","7.6 ","1.7 ","3.4 ","14.2 ","19.9 ","30.9 ","31.5 ","16.6 ","15.4 ","10.0 ","8.0 ","39.7 ","40.2 ","2.7 ","3.3 ","13.2 ","12.6 ","6.1 ","6.1 ","2008","04 "
"140","19.9 ","21.6 ","24.9 ","26.4 ","15.0 ","16.9 ","5.9 ","6.7 ","12.8 ","22.8 ","36.5 ","35.5 ","15.0 ","13.5 ","8.3 ","4.9 ","42.8 ","45.7 ","3.5 ","3.9 ","6.2 ","7.2 ","5.6 ","6.1 ","2008","03 "
"141","20.0 ","21.7 ","18.3 ","20.2 ","21.7 ","23.2 ","6.7 ","7.0 ","19.4 ","24.0 ","37.0 ","36.3 ","13.6 ","12.0 ","8.3 ","5.7 ","45.1 ","46.9 ","3.5 ","3.9 ","5.3 ","6.4 ","5.1 ","5.7 ","2008","02 "
"142","18.0 ","19.7 ","20.4 ","22.4 ","15.7 ","17.1 ","15.5 ","11.5 ","24.7 ","24.2 ","30.4 ","30.9 ","11.4 ","10.6 ","9.7 ","7.9 ","46.4 ","47.1 ","4.0 ","4.2 ","10.7 ","10.5 ","5.8 ","5.9 ","2008","01 "
"143","18.7 ","22.2 ","21.5 ","27.1 ","16.0 ","17.3 ","11.9 ","11.3 ","29.6 ","27.1 ","31.5 ","31.4 ","10.4 ","10.8 ","5.2 ","6.0 ","46.7 ","48.5 ","4.2 ","3.2 ","6.1 ","6.4 ","5.5 ","5.5 ","2007","12 "
"144","23.3 ","25.9 ","28.7 ","32.4 ","17.8 ","19.4 ","4.7 ","6.4 ","31.6 ","29.7 ","33.0 ","32.9 ","12.5 ","12.5 ","5.1 ","6.4 ","51.1 ","52.2 ","4.0 ","3.9 ","6.8 ","7.1 ","6.1 ","6.0 ","2007","11 "
"145","21.7 ","25.5 ","26.3 ","31.2 ","17.0 ","19.8 ","5.8 ","9.5 ","28.2 ","25.2 ","32.9 ","33.2 ","11.8 ","13.1 ","5.3 ","7.1 ","51.5 ","52.0 ","3.4 ","3.6 ","8.0 ","7.3 ","6.2 ","6.0 ","2007","10 "
"146","30.0 ","28.9 ","35.9 ","34.8 ","24.1 ","23.0 ","6.9 ","7.9 ","34.3 ","28.9 ","32.7 ","32.9 ","10.0 ","11.7 ","7.6 ","9.8 ","50.7 ","50.5 ","3.6 ","3.8 ","9.0 ","8.0 ","6.7 ","6.5 ","2007","09 "
"147","31.5 ","29.0 ","36.6 ","34.4 ","26.4 ","23.6 ","9.6 ","9.5 ","36.6 ","30.8 ","32.2 ","32.4 ","9.5 ","11.3 ","8.0 ","9.9 ","51.1 ","49.6 ","4.4 ","4.4 ","8.3 ","7.8 ","6.4 ","6.1 ","2007","08 "
"148","33.1 ","29.1 ","37.4 ","34.0 ","28.8 ","24.2 ","12.2 ","11.1 ","38.9 ","32.5 ","31.7 ","32.0 ","9.0 ","10.8 ","8.3 ","10.0 ","51.5 ","48.7 ","5.1 ","5.0 ","7.7 ","7.7 ","6.2 ","5.7 ","2007","07 "
"149","30.1 ","29.1 ","36.8 ","35.2 ","23.4 ","23.0 ","10.6 ","11.1 ","31.2 ","35.0 ","33.3 ","34.4 ","10.9 ","10.7 ","4.4 ","4.7 ","49.0 ","47.6 ","5.1 ","5.2 ","6.4 ","6.6 ","5.0 ","5.3 ","2007","06 "
"150","26.7 ","24.4 ","34.5 ","32.0 ","18.8 ","16.8 ","9.5 ","9.6 ","25.8 ","32.1 ","32.6 ","32.8 ","11.1 ","10.7 ","4.7 ","4.6 ","47.4 ","46.6 ","5.6 ","5.3 ","6.9 ","6.9 ","6.1 ","5.6 ","2007","05 "
"151","22.3 ","20.0 ","32.9 ","29.7 ","11.7 ","10.4 ","12.0 ","12.7 ","26.2 ","32.0 ","34.3 ","34.2 ","13.6 ","12.8 ","5.1 ","3.3 ","47.1 ","45.8 ","2.5 ","2.8 ","6.5 ","6.7 ","5.1 ","4.8 ","2007","04 "
"152","24.4 ","26.1 ","32.1 ","34.5 ","16.6 ","17.7 ","7.7 ","8.1 ","22.9 ","31.3 ","36.0 ","35.7 ","13.6 ","12.1 ","6.5 ","2.3 ","45.6 ","48.0 ","3.7 ","4.2 ","6.2 ","7.2 ","4.7 ","5.2 ","2007","03 "
"153","22.0 ","23.4 ","33.3 ","33.8 ","10.7 ","12.9 ","9.1 ","9.1 ","26.4 ","29.3 ","34.7 ","34.9 ","12.8 ","10.9 ","7.2 ","4.0 ","48.7 ","50.2 ","4.0 ","4.4 ","6.0 ","6.9 ","4.8 ","5.3 ","2007","02 "
"154","21.9 ","22.2 ","32.8 ","32.2 ","11.1 ","12.2 ","12.7 ","9.5 ","31.2 ","29.3 ","35.4 ","35.2 ","12.6 ","11.2 ","6.3 ","4.3 ","46.5 ","46.8 ","4.3 ","4.7 ","6.9 ","7.4 ","5.1 ","5.3 ","2007","01 "
"155","24.1 ","27.0 ","28.0 ","32.3 ","20.1 ","21.6 ","5.2 ","4.8 ","35.4 ","33.3 ","35.4 ","35.1 ","11.2 ","11.5 ","3.8 ","4.2 ","47.0 ","48.9 ","5.6 ","4.5 ","6.9 ","7.2 ","5.8 ","6.0 ","2006","12 "
"156","21.4 ","24.9 ","27.8 ","32.2 ","14.9 ","17.5 ","5.7 ","6.5 ","32.4 ","31.5 ","34.6 ","34.3 ","14.1 ","14.6 ","3.7 ","5.0 ","45.7 ","47.6 ","3.9 ","3.6 ","7.6 ","8.1 ","5.7 ","5.8 ","2006","11 "
"157","23.2 ","27.7 ","30.2 ","34.6 ","16.3 ","20.7 ","8.0 ","11.8 ","35.8 ","31.0 ","33.1 ","33.5 ","15.1 ","17.2 ","3.5 ","5.5 ","47.2 ","48.6 ","3.5 ","3.4 ","7.6 ","7.2 ","5.8 ","5.9 ","2006","10 "
"158","26.9 ","27.1 ","31.5 ","31.3 ","22.2 ","22.9 ","8.7 ","9.3 ","36.4 ","28.8 ","34.8 ","34.8 ","15.0 ","17.7 ","2.7 ","5.8 ","46.2 ","46.4 ","2.8 ","2.9 ","7.8 ","7.3 ","6.2 ","6.4 ","2006","09 "
"159","27.1 ","25.7 ","31.6 ","29.5 ","22.6 ","21.8 ","8.4 ","8.1 ","36.7 ","29.5 ","34.4 ","34.2 ","14.2 ","16.6 ","2.8 ","5.8 ","47.0 ","45.7 ","3.2 ","3.2 ","8.4 ","8.2 ","6.2 ","6.1 ","2006","08 "
"160","27.3 ","24.2 ","31.7 ","27.8 ","22.9 ","20.7 ","8.0 ","7.0 ","37.0 ","30.2 ","34.1 ","33.7 ","13.5 ","15.5 ","3.0 ","5.5 ","47.7 ","45.0 ","3.6 ","3.6 ","9.0 ","9.1 ","6.1 ","5.7 ","2006","07 "
"161","22.3 ","21.7 ","28.7 ","26.3 ","15.9 ","17.1 ","5.1 ","4.9 ","24.5 ","29.0 ","36.6 ","37.2 ","13.9 ","13.6 ","7.6 ","8.1 ","43.3 ","41.7 ","3.0 ","3.2 ","7.7 ","8.0 ","6.4 ","6.7 ","2006","06 "
"162","22.5 ","20.0 ","27.6 ","24.1 ","17.4 ","15.8 ","1.5 ","0.6 ","21.2 ","26.8 ","33.9 ","33.5 ","15.9 ","15.4 ","7.0 ","7.3 ","46.2 ","45.1 ","2.8 ","2.7 ","5.2 ","5.1 ","6.4 ","5.9 ","2006","05 "
"163","20.9 ","17.3 ","26.1 ","21.7 ","15.7 ","13.0 ","-3.7 ","-3.4 ","20.8 ","26.9 ","32.7 ","32.1 ","15.7 ","14.9 ","10.5 ","8.9 ","47.1 ","45.4 ","2.7 ","2.6 ","5.1 ","5.0 ","5.9 ","5.4 ","2006","04 "
"164","18.1 ","19.3 ","22.4 ","24.2 ","13.9 ","14.5 ","2.3 ","1.9 ","15.2 ","20.5 ","34.0 ","33.7 ","15.9 ","14.1 ","9.5 ","5.4 ","42.0 ","44.3 ","2.8 ","3.4 ","6.7 ","7.4 ","6.3 ","6.8 ","2006","03 "
"165","18.8 ","18.8 ","24.8 ","24.8 ","12.7 ","12.8 ","2.0 ","1.6 ","16.8 ","16.8 ","33.7 ","33.9 ","16.9 ","14.5 ","8.8 ","5.2 ","40.7 ","42.3 ","2.8 ","3.3 ","7.2 ","7.8 ","6.4 ","6.8 ","2006","02 "
"166","17.7 ","16.6 ","21.7 ","20.4 ","13.7 ","12.8 ","8.1 ","4.1 ","26.3 ","23.1 ","33.0 ","32.9 ","17.5 ","15.3 ","7.4 ","5.2 ","43.9 ","44.0 ","2.6 ","3.0 ","5.4 ","5.4 ","7.5 ","7.5 ","2006","01 "
"167","10.6 ","13.1 ","14.8 ","18.9 ","6.5 ","7.3 ","0.9 ","0.0 ","26.3 ","25.3 ","36.0 ","35.7 ","17.8 ","17.1 ","4.5 ","4.6 ","39.0 ","40.9 ","5.2 ","4.1 ","5.0 ","4.9 ","6.7 ","6.8 ","2005","12 "
"168","13.8 ","16.9 ","19.2 ","23.9 ","8.4 ","9.9 ","-2.2 ","-1.8 ","25.4 ","25.6 ","35.7 ","35.5 ","17.5 ","17.4 ","2.8 ","3.6 ","41.4 ","43.0 ","2.7 ","2.5 ","4.9 ","5.1 ","6.9 ","6.9 ","2005","11 "
"169","10.8 ","15.1 ","14.6 ","19.2 ","7.0 ","11.1 ","-6.0 ","-2.0 ","25.8 ","21.0 ","34.7 ","35.2 ","17.5 ","19.5 ","2.7 ","4.3 ","40.1 ","41.6 ","2.5 ","2.4 ","9.5 ","8.8 ","6.5 ","6.5 ","2005","10 "
"170","13.2 ","13.7 ","21.1 ","21.9 ","5.4 ","5.4 ","-3.0 ","-2.3 ","25.5 ","18.3 ","36.0 ","36.3 ","18.7 ","21.4 ","1.7 ","4.5 ","39.9 ","40.1 ","2.7 ","2.7 ","7.8 ","7.1 ","6.5 ","6.7 ","2005","09 "
"171","13.7 ","12.0 ","21.6 ","20.1 ","5.7 ","4.0 ","-3.3 ","-3.2 ","25.9 ","19.8 ","36.1 ","36.2 ","18.6 ","21.0 ","1.9 ","4.5 ","41.3 ","40.0 ","2.3 ","2.3 ","6.4 ","6.1 ","6.1 ","5.9 ","2005","08 "
"172","14.1 ","10.6 ","22.1 ","18.4 ","6.0 ","2.8 ","-3.6 ","-4.3 ","26.3 ","21.3 ","36.2 ","36.0 ","18.6 ","20.6 ","2.0 ","4.5 ","42.7 ","39.8 ","1.9 ","1.9 ","4.9 ","5.1 ","5.6 ","5.2 ","2005","07 "
"173","11.2 ","9.7 ","17.7 ","15.0 ","4.7 ","4.4 ","-3.3 ","-3.1 ","18.7 ","25.7 ","36.7 ","37.9 ","18.7 ","18.5 ","1.9 ","2.6 ","41.1 ","39.1 ","2.2 ","2.4 ","5.5 ","5.8 ","5.1 ","5.4 ","2005","06 "
"174","10.4 ","8.1 ","19.3 ","15.9 ","1.5 ","0.3 ","-3.4 ","-3.9 ","13.6 ","21.4 ","38.4 ","38.1 ","19.8 ","19.3 ","3.1 ","3.4 ","36.9 ","35.5 ","3.1 ","3.0 ","7.1 ","7.0 ","5.5 ","5.0 ","2005","05 "
"175","11.5 ","8.1 ","21.3 ","17.1 ","1.6 ","-1.0 ","-4.9 ","-4.7 ","14.4 ","24.8 ","38.2 ","37.4 ","20.4 ","19.5 ","4.7 ","3.0 ","38.1 ","36.1 ","2.1 ","1.8 ","6.6 ","6.5 ","5.6 ","5.1 ","2005","04 "
"176","5.1 ","6.6 ","12.0 ","14.0 ","-1.8 ","-0.7 ","-5.0 ","-5.1 ","4.5 ","9.9 ","37.9 ","37.7 ","22.0 ","20.1 ","9.1 ","4.8 ","33.8 ","36.0 ","1.5 ","1.9 ","4.8 ","5.6 ","5.8 ","6.2 ","2005","03 "
"177","4.6 ","5.6 ","10.3 ","11.2 ","-1.2 ","0.1 ","-4.2 ","-4.3 ","14.0 ","15.2 ","38.0 ","38.3 ","23.6 ","21.1 ","5.6 ","2.0 ","33.8 ","35.3 ","1.7 ","2.1 ","4.5 ","5.1 ","5.3 ","5.7 ","2005","02 "
"178","3.7 ","4.0 ","8.3 ","7.8 ","-0.9 ","0.3 ","-1.9 ","-5.8 ","16.4 ","16.5 ","38.1 ","37.9 ","23.1 ","20.9 ","3.8 ","1.6 ","35.1 ","35.1 ","1.9 ","2.3 ","5.5 ","5.5 ","5.8 ","5.9 ","2005","01 "
"179","1.3 ","4.8 ","7.3 ","12.5 ","-4.7 ","-2.9 ","-4.5 ","-5.4 ","19.0 ","21.5 ","38.0 ","37.6 ","23.4 ","22.7 ","2.9 ","2.8 ","35.4 ","37.3 ","2.4 ","1.7 ","8.4 ","8.3 ","6.2 ","6.3 ","2004","12 "
"180","3.6 ","9.0 ","8.3 ","15.3 ","-1.0 ","2.6 ","-7.7 ","-7.4 ","18.6 ","22.3 ","38.5 ","38.2 ","24.4 ","24.3 ","3.6 ","4.4 ","32.3 ","34.2 ","2.5 ","2.3 ","7.7 ","8.0 ","6.1 ","6.1 ","2004","11 "
"181","-2.0 ","4.3 ","2.4 ","8.6 ","-6.4 ","0.1 ","-9.3 ","-5.1 ","17.8 ","14.7 ","42.3 ","42.7 ","20.6 ","22.6 ","2.8 ","4.4 ","32.5 ","34.6 ","2.7 ","2.6 ","7.0 ","6.3 ","6.2 ","6.3 ","2004","10 "
"182","2.3 ","4.6 ","11.2 ","14.4 ","-6.6 ","-5.3 ","-6.5 ","-5.6 ","19.4 ","13.9 ","39.7 ","39.9 ","21.4 ","24.3 ","1.5 ","4.3 ","34.5 ","34.8 ","3.1 ","3.0 ","9.1 ","8.4 ","4.9 ","5.2 ","2004","09 "
"183","3.1 ","3.3 ","10.9 ","11.3 ","-4.6 ","-4.6 ","-4.9 ","-4.6 ","18.3 ","13.8 ","40.4 ","40.4 ","21.4 ","23.8 ","1.2 ","4.0 ","34.5 ","33.2 ","3.0 ","2.9 ","7.9 ","7.6 ","5.9 ","5.8 ","2004","08 "
"184","4.0 ","2.1 ","10.6 ","8.3 ","-2.6 ","-4.0 ","-3.3 ","-3.6 ","17.2 ","13.6 ","41.0 ","40.9 ","21.4 ","23.4 ","0.9 ","3.6 ","34.4 ","31.5 ","2.9 ","2.8 ","6.7 ","6.9 ","6.9 ","6.5 ","2004","07 "
"185","-0.6 ","-0.9 ","8.5 ","6.7 ","-9.7 ","-8.6 ","-13.6 ","-13.3 ","2.6 ","13.0 ","33.0 ","34.3 ","28.3 ","28.0 ","2.9 ","3.7 ","36.6 ","34.1 ","1.9 ","2.1 ","7.7 ","8.0 ","5.4 ","5.7 ","2004","06 "
"186","5.7 ","5.6 ","11.9 ","10.2 ","-0.4 ","1.0 ","-9.2 ","-9.8 ","1.6 ","11.8 ","36.5 ","36.2 ","25.4 ","25.0 ","3.0 ","3.5 ","36.0 ","34.6 ","1.9 ","1.9 ","7.9 ","7.7 ","7.1 ","6.6 ","2004","05 "
"187","9.6 ","8.6 ","14.0 ","12.3 ","5.2 ","4.8 ","-9.0 ","-8.9 ","1.0 ","14.5 ","36.8 ","36.0 ","24.9 ","24.1 ","4.5 ","2.9 ","36.3 ","34.3 ","2.4 ","2.1 ","7.8 ","7.7 ","7.6 ","7.1 ","2004","04 "
"188","-0.5 ","2.5 ","4.0 ","7.0 ","-5.1 ","-1.9 ","-12.0 ","-12.1 ","1.2 ","4.7 ","38.3 ","38.1 ","26.9 ","25.0 ","10.7 ","6.2 ","32.4 ","34.5 ","2.5 ","3.0 ","5.9 ","6.7 ","3.4 ","3.8 ","2004","03 "
"189","0.3 ","2.2 ","5.3 ","6.3 ","-4.8 ","-1.8 ","-14.1 ","-14.1 ","6.4 ","6.7 ","37.7 ","38.1 ","27.0 ","24.4 ","11.1 ","7.5 ","33.1 ","34.4 ","2.2 ","2.7 ","6.1 ","6.7 ","3.5 ","3.9 ","2004","02 "
"190","7.9 ","8.5 ","14.2 ","12.7 ","1.7 ","4.3 ","-21.6 ","-25.6 ","6.2 ","4.9 ","39.9 ","39.7 ","25.9 ","23.4 ","9.2 ","7.0 ","34.0 ","33.8 ","1.9 ","2.3 ","6.6 ","6.6 ","2.4 ","2.4 ","2004","01 "
"191","7.7 ","11.0 ","7.5 ","12.1 ","7.9 ","9.9 ","-14.4 ","-15.5 ","3.5 ","5.2 ","37.0 ","36.6 ",": ","18.5 ",": ","6.8 ","29.2 ","31.2 ","2.8 ","2.0 ",": ","4.9 ",": ","1.8 ","2003","12 "
"192","-1.4 ","3.4 ","-1.3 ","4.9 ","-1.5 ","2.0 ","-13.7 ","-13.6 ","-3.7 ","-2.0 ","36.8 ","36.5 ",": ","12.7 ",": ","5.4 ","28.1 ","30.1 ","3.1 ","2.9 ",": ","3.5 ",": ","1.2 ","2003","11 "
"193","-3.2 ","0.6 ","-1.6 ","1.9 ","-4.7 ","-0.7 ","-27.4 ","-23.1 ","-0.1 ","-6.5 ","32.4 ","32.9 ",": ","8.6 ",": ","3.9 ","27.0 ","28.9 ","3.1 ","2.9 ",": ","1.0 ",": ","0.6 ","2003","10 "
"194","1.9 ","1.1 ","1.5 ","2.3 ","2.3 ","-0.1 ","-23.9 ","-23.0 ","7.9 ","-1.0 ","33.6 ","33.9 ","0.0 ","2.9 ","0.0 ","2.8 ","29.7 ","30.0 ","2.4 ","2.3 ","0.0 ","-0.7 ","0.0 ","0.2 ","2003","09 "
"195","0.4 ","-3.3 ","2.1 ","-0.6 ","-1.4 ","-5.9 ","-26.2 ","-25.8 ","2.0 ","-6.6 ","34.0 ","34.0 ","0.0 ","2.4 ","0.0 ","2.8 ","32.1 ","30.8 ","2.5 ","2.4 ","0.0 ","-0.3 ","0.0 ","-0.1 ","2003","08 "
"196","-1.1 ","-7.5 ","2.7 ","-3.5 ","-5.0 ","-11.5 ","-28.4 ","-28.6 ","-3.9 ","-11.9 ","34.4 ","34.2 ","0.0 ","2.0 ","0.0 ","2.8 ","34.5 ","31.6 ","2.6 ","2.6 ","0.0 ","0.2 ","0.0 ","-0.4 ","2003","07 "
"197","-5.2 ","-10.5 ","-1.3 ","-7.1 ","-9.1 ","-13.9 ","-21.8 ","-21.4 ","-23.9 ","-16.9 ","34.5 ","35.8 ",": ",": ",": ",": ","32.3 ","30.1 ","2.8 ","3.0 ",": ",": ",": ",": ","2003","06 "
"198","-2.7 ","-5.6 ","-2.1 ","-6.3 ","-3.4 ","-5.0 ","-23.1 ","-23.8 ","-24.7 ","-17.3 ","36.9 ","36.6 ",": ",": ",": ",": ","30.9 ","29.6 ","2.8 ","2.8 ",": ",": ",": ",": ","2003","05 "
"199","-2.8 ","-5.9 ","-0.9 ","-4.3 ","-4.7 ","-7.5 ","-25.3 ","-25.3 ","-25.2 ","-13.8 ","38.7 ","37.9 ",": ",": ",": ",": ","29.5 ","27.6 ","5.5 ","4.8 ",": ",": ",": ",": ","2003","04 "
"200","-8.1 ","-8.4 ","-8.5 ","-8.4 ","-7.7 ","-8.4 ","-26.6 ","-26.8 ","-22.6 ","-21.8 ","33.8 ","33.6 ",": ",": ",": ",": ","24.1 ","26.2 ","2.2 ","2.7 ",": ",": ",": ",": ","2003","03 "
"201","-5.7 ","-6.4 ","-5.3 ","-6.3 ","-6.1 ","-6.5 ","-28.9 ","-28.9 ","-14.6 ","-15.1 ","32.3 ","32.6 ",": ",": ",": ",": ","24.3 ","25.8 ","2.3 ","2.8 ",": ",": ",": ",": ","2003","02 "
"202","-6.7 ","-7.4 ","-5.4 ","-6.5 ","-8.1 ","-8.3 ","-19.0 ","-22.9 ","-10.8 ","-13.8 ","32.4 ","32.2 ",": ",": ",": ",": ","26.1 ","26.1 ","2.5 ","3.0 ",": ",": ",": ",": ","2003","01 "
"203","-17.0 ","-13.4 ","-15.6 ","-9.4 ","-18.4 ","-17.4 ",": ",": ","-25.7 ","-26.5 ",": ",": ",": ",": ",": ",": ",": ",": ",": ",": ",": ",": ",": ",": ","2002","12 "
"204","-17.0 ","-13.1 ","-15.9 ","-9.4 ","-18.2 ","-16.7 ",": ",": ","-23.6 ","-26.0 ",": ",": ",": ",": ",": ",": ",": ",": ",": ",": ",": ",": ",": ",": ","2002","11 "
"205","-10.5 ","-7.8 ","-2.9 ","0.9 ","-18.2 ","-16.5 ",": ",": ","-12.2 ","-22.5 ",": ",": ",": ",": ",": ",": ",": ",": ",": ",": ",": ",": ",": ",": ","2002","10 "
"206","-11.2 ","-12.7 ","-9.6 ","-9.6 ","-12.7 ","-15.7 ",": ",": ","-13.5 ","-24.1 ",": ",": ",": ",": ",": ",": ",": ",": ",": ",": ",": ",": ",": ",": ","2002","09 "
"207","-3.4 ","-8.0 ","-4.1 ","-7.9 ","-2.8 ","-8.2 ",": ",": ","-13.5 ","-23.9 ",": ",": ",": ",": ",": ",": ",": ",": ",": ",": ",": ",": ",": ",": ","2002","08 "
"208","4.3 ","-3.6 ","1.5 ","-6.2 ","7.2 ","-0.9 ",": ",": ","-13.4 ","-23.7 ",": ",": ",": ",": ",": ",": ",": ",": ",": ",": ",": ",": ",": ",": ","2002","07 "
"209","6.0 ","-0.7 ","6.8 ","-0.2 ","5.3 ","-1.1 ",": ",": ","-16.0 ","-10.9 ",": ",": ",": ",": ",": ",": ",": ",": ",": ",": ",": ",": ",": ",": ","2002","06 "
"210","5.8 ","2.3 ","7.9 ","2.4 ","3.6 ","2.1 ",": ",": ","-14.6 ","-7.5 ",": ",": ",": ",": ",": ",": ",": ",": ",": ",": ",": ",": ",": ",": ","2002","05 "
"211","6.4 ","3.2 ","7.9 ","4.0 ","5.0 ","2.5 ",": ",": ","-23.8 ","-11.9 ",": ",": ",": ",": ",": ",": ",": ",": ",": ",": ",": ",": ",": ",": ","2002","04 "
"212","9.5 ","8.9 ","7.9 ","6.9 ","11.2 ","10.9 ",": ",": ","-4.5 ","-3.4 ",": ",": ",": ",": ",": ",": ",": ",": ",": ",": ",": ",": ",": ",": ","2002","03 "
"213","8.1 ","7.8 ","9.5 ","8.0 ","6.8 ","7.6 ",": ",": ","-3.6 ","-1.5 ",": ",": ",": ",": ",": ",": ",": ",": ",": ",": ",": ",": ",": ",": ","2002","02 "
"214","5.9 ","6.1 ","8.1 ","7.2 ","3.7 ","5.1 ",": ",": ","-5.3 ","-5.3 ",": ",": ",": ",": ",": ",": ",": ",": ",": ",": ",": ",": ",": ",": ","2002","01 "
"215","7.7 ","11.6 ","4.3 ","10.3 ","11.1 ","12.9 ",": ",": ","0.0 ","-1.0 ",": ",": ",": ",": ",": ",": ",": ",": ",": ",": ",": ",": ",": ",": ","2001","12 "
"216","8.6 ","12.2 ","3.5 ","9.1 ","13.7 ","15.2 ",": ",": ","-2.7 ","-5.9 ",": ",": ",": ",": ",": ",": ",": ",": ",": ",": ",": ",": ",": ",": ","2001","11 "
"217","1.8 ","4.7 ","-1.9 ","2.5 ","5.6 ","7.0 ",": ",": ","9.7 ","0.0 ",": ",": ",": ",": ",": ",": ",": ",": ",": ",": ",": ",": ",": ",": ","2001","10 "
"218","12.8 ","10.3 ","5.7 ","3.9 ","19.8 ","16.7 ",": ",": ","13.6 ","3.3 ",": ",": ",": ",": ",": ",": ",": ",": ",": ",": ",": ",": ",": ",": ","2001","09 "
"219","16.8 ","12.2 ","12.5 ","7.4 ","21.1 ","17.0 ",": ",": ","18.3 ","8.6 ",": ",": ",": ",": ",": ",": ",": ",": ",": ",": ",": ",": ",": ",": ","2001","08 "
"220","20.8 ","14.1 ","19.3 ","10.8 ","22.3 ","17.4 ",": ",": ","22.9 ","13.8 ",": ",": ",": ",": ",": ",": ",": ",": ",": ",": ",": ",": ",": ",": ","2001","07 "
"221","26.3 ","22.1 ","20.4 ","14.2 ","32.1 ","30.1 ",": ",": ","11.9 ","20.1 ",": ",": ",": ",": ",": ",": ",": ",": ",": ",": ",": ",": ",": ",": ","2001","06 "
"222","25.3 ","24.4 ","22.8 ","18.4 ","27.8 ","30.5 ",": ",": ","16.7 ","28.0 ",": ",": ",": ",": ",": ",": ",": ",": ",": ",": ",": ",": ",": ",": ","2001","05 "
"223","25.1 ","24.9 ","18.8 ","16.5 ","31.3 ","33.3 ",": ",": ","8.3 ","23.5 ",": ",": ",": ",": ",": ",": ",": ",": ",": ",": ",": ",": ",": ",": ","2001","04 "
"224","21.3 ","24.5 ","16.2 ","17.9 ","26.4 ","31.1 ",": ",": ","35.7 ","42.9 ",": ",": ",": ",": ",": ",": ",": ",": ",": ",": ",": ",": ",": ",": ","2001","03 "
"225","29.3 ","33.0 ","21.2 ","23.4 ","37.3 ","42.5 ",": ",": ","39.6 ","47.6 ",": ",": ",": ",": ",": ",": ",": ",": ",": ",": ",": ",": ",": ",": ","2001","02 "
"226","30.7 ","34.9 ","24.7 ","28.0 ","36.6 ","41.8 ",": ",": ","41.3 ","45.6 ",": ",": ",": ",": ",": ",": ",": ",": ",": ",": ",": ",": ",": ",": ","2001","01 "
"227","31.8 ","40.9 ","23.3 ","34.5 ","40.4 ","47.4 ",": ",": ","39.6 ","41.2 ",": ",": ",": ",": ",": ",": ",": ",": ",": ",": ",": ",": ",": ",": ","2000","12 "
"228","32.2 ","40.7 ","26.0 ","36.5 ","38.5 ","44.8 ",": ",": ","44.1 ","41.7 ",": ",": ",": ",": ",": ",": ",": ",": ",": ",": ",": ",": ",": ",": ","2000","11 "
"229","39.2 ","44.9 ","31.1 ","39.0 ","47.2 ","50.9 ",": ",": ","52.0 ","42.8 ",": ",": ",": ",": ",": ",": ",": ",": ",": ",": ",": ",": ",": ",": ","2000","10 "
"230","43.7 ","43.9 ","36.6 ","37.5 ","50.8 ","50.2 ",": ",": ","57.7 ","46.7 ",": ",": ",": ",": ",": ",": ",": ",": ",": ",": ",": ",": ",": ",": ","2000","09 "
"231","45.0 ","41.6 ","37.4 ","34.1 ","52.6 ","49.2 ",": ",": ","57.3 ","46.7 ",": ",": ",": ",": ",": ",": ",": ",": ",": ",": ",": ",": ",": ",": ","2000","08 "
"232","46.3 ","39.5 ","38.3 ","30.8 ","54.4 ","48.1 ",": ",": ","57.0 ","46.6 ",": ",": ",": ",": ",": ",": ",": ",": ",": ",": ",": ",": ",": ",": ","2000","07 "
"233","42.2 ","37.8 ","38.2 ","32.3 ","46.2 ","43.3 ",": ",": ","36.1 ","41.7 ",": ",": ",": ",": ",": ",": ",": ",": ",": ",": ",": ",": ",": ",": ","2000","06 "
"234","32.5 ","30.0 ","29.6 ","24.8 ","35.3 ","35.2 ",": ",": ","35.2 ","44.4 ",": ",": ",": ",": ",": ",": ",": ",": ",": ",": ",": ",": ",": ",": ","2000","05 "
"235","34.7 ","32.4 ","33.5 ","29.4 ","36.0 ","35.3 ",": ",": ","40.3 ","51.3 ",": ",": ",": ",": ",": ",": ",": ",": ",": ",": ",": ",": ",": ",": ","2000","04 "
"236","29.6 ","29.2 ","29.8 ","29.0 ","29.4 ","29.4 ",": ",": ","34.2 ","40.5 ",": ",": ",": ",": ",": ",": ",": ",": ",": ",": ",": ",": ",": ",": ","2000","03 "
"237","23.8 ","24.8 ","26.4 ","26.7 ","21.2 ","22.9 ",": ",": ","30.6 ","37.5 ",": ",": ",": ",": ",": ",": ",": ",": ",": ",": ",": ",": ",": ",": ","2000","02 "
"238","26.6 ","28.6 ","28.4 ","30.8 ","24.8 ","26.4 ",": ",": ","35.1 ","38.9 ",": ",": ",": ",": ",": ",": ",": ",": ",": ",": ",": ",": ",": ",": ","2000","01 "
"239","17.1 ","24.2 ","15.8 ","26.3 ","18.4 ","22.1 ",": ",": ","37.4 ","35.7 ","48.6 ",": ",": ",": ",": ",": ",": ",": ",": ",": ",": ",": ",": ",": ","1999","12 "
"240","13.6 ","19.7 ","14.1 ","23.9 ","13.1 ","15.4 ",": ",": ","40.0 ","34.9 ","50.1 ",": ",": ",": ",": ",": ",": ",": ",": ",": ",": ",": ",": ",": ","1999","11 "
"241","12.9 ","17.4 ","13.2 ","20.6 ","12.7 ","14.3 ",": ",": ","46.1 ","33.9 ","52.3 ",": ",": ",": ",": ",": ",": ",": ",": ",": ",": ",": ",": ",": ","1999","10 "
"242","11.8 ","10.9 ","15.3 ","15.5 ","8.2 ","6.2 ",": ",": ","36.9 ","24.2 ","44.0 ",": ",": ",": ",": ",": ",": ",": ",": ",": ",": ",": ",": ",": ","1999","09 "
"243","11.7 ","7.8 ","18.1 ","14.3 ","5.2 ","1.3 ",": ",": ","37.1 ","26.0 ","47.0 ",": ",": ",": ",": ",": ",": ",": ",": ",": ",": ",": ",": ",": ","1999","08 "
"244","11.6 ","4.7 ","21.0 ","12.8 ","2.2 ","-3.4 ",": ",": ","37.3 ","27.6 ","49.9 ",": ",": ",": ",": ",": ",": ",": ",": ",": ",": ",": ",": ",": ","1999","07 "
"245","6.8 ","2.3 ","15.1 ","8.3 ","-1.5 ","-3.8 ",": ",": ","13.0 ","17.6 ","44.7 ",": ",": ",": ",": ",": ",": ",": ",": ",": ",": ",": ",": ",": ","1999","06 "
"246","1.7 ","-2.4 ","8.8 ","1.3 ","-5.4 ","-6.0 ",": ",": ","4.7 ","14.4 ","43.9 ",": ",": ",": ",": ",": ",": ",": ",": ",": ",": ",": ",": ",": ","1999","05 "
"247","-2.3 ","-5.1 ","0.7 ","-5.1 ","-5.2 ","-5.1 ",": ",": ","0.3 ","15.3 ","44.1 ",": ",": ",": ",": ",": ",": ",": ",": ",": ",": ",": ",": ",": ","1999","04 "
"248","-8.9 ","-9.9 ","-3.4 ","-5.4 ","-14.4 ","-14.3 ",": ",": ","8.8 ","18.3 ","45.8 ",": ",": ",": ",": ",": ",": ",": ",": ",": ",": ",": ",": ",": ","1999","03 "
"249","-12.2 ","-11.7 ","-3.0 ","-3.2 ","-21.5 ","-20.2 ",": ",": ","5.7 ","15.3 ","41.2 ",": ",": ",": ",": ",": ",": ",": ",": ",": ",": ",": ",": ",": ","1999","02 "
"250","-15.5 ","-12.1 ","-8.8 ","-5.3 ","-22.2 ","-18.9 ",": ",": ","11.0 ","19.2 ","44.6 ",": ",": ",": ",": ",": ",": ",": ",": ",": ",": ",": ",": ",": ","1999","01 "
"251","-24.6 ","-16.2 ","-21.1 ","-10.0 ","-28.0 ","-22.4 ",": ",": ","6.4 ","8.5 ","40.4 ",": ",": ",": ",": ",": ",": ",": ",": ",": ",": ",": ",": ",": ","1998","12 "
"252","-24.3 ","-16.6 ","-24.0 ","-12.9 ","-24.7 ","-20.3 ",": ",": ","14.5 ","14.3 ","42.1 ",": ",": ",": ",": ",": ",": ",": ",": ",": ",": ",": ",": ",": ","1998","11 "
"253","-24.0 ","-17.3 ","-21.9 ","-13.0 ","-26.0 ","-21.6 ",": ",": ","19.3 ","12.7 ","41.1 ",": ",": ",": ",": ",": ",": ",": ",": ",": ",": ",": ",": ",": ","1998","10 "
"254","-15.7 ","-14.6 ","-12.4 ","-10.6 ","-19.1 ","-18.6 ",": ",": ","29.0 ","20.0 ",": ",": ",": ",": ",": ",": ",": ",": ",": ",": ",": ",": ",": ",": ","1998","09 "
"255","-12.6 ","-14.1 ","-8.9 ","-10.4 ","-16.2 ","-17.8 ",": ",": ","26.8 ","19.8 ",": ",": ",": ",": ",": ",": ",": ",": ",": ",": ",": ",": ",": ",": ","1998","08 "
"256","-9.4 ","-13.7 ","-5.4 ","-10.2 ","-13.4 ","-17.1 ",": ",": ","24.6 ","19.7 ",": ",": ",": ",": ",": ",": ",": ",": ",": ",": ",": ",": ",": ",": ","1998","07 "
"257","-16.5 ","-18.9 ","-10.4 ","-14.2 ","-22.7 ","-23.6 ",": ",": ","9.3 ","16.4 ",": ",": ",": ",": ",": ",": ",": ",": ",": ",": ",": ",": ",": ",": ","1998","06 "
"258","-18.7 ","-21.2 ","-7.5 ","-12.7 ","-30.0 ","-29.7 ",": ",": ","2.1 ","13.3 ",": ",": ",": ",": ",": ",": ",": ",": ",": ",": ",": ",": ",": ",": ","1998","05 "
"259","-22.7 ","-24.2 ","-10.9 ","-15.7 ","-34.5 ","-32.8 ",": ",": ","-7.3 ","8.2 ",": ",": ",": ",": ",": ",": ",": ",": ",": ",": ",": ",": ",": ",": ","1998","04 "
"260","-24.0 ","-23.8 ","-16.5 ","-17.6 ","-31.5 ","-29.9 ",": ",": ","3.9 ","14.6 ",": ",": ",": ",": ",": ",": ",": ",": ",": ",": ",": ",": ",": ",": ","1998","03 "
"261","-27.1 ","-25.3 ","-21.3 ","-19.4 ","-32.9 ","-31.2 ",": ",": ","-3.9 ","4.8 ",": ",": ",": ",": ",": ",": ",": ",": ",": ",": ",": ",": ",": ",": ","1998","02 "
"262","-31.1 ","-27.3 ","-24.2 ","-19.8 ","-37.9 ","-34.8 ",": ",": ","-3.8 ","3.3 ",": ",": ",": ",": ",": ",": ",": ",": ",": ",": ",": ",": ",": ",": ","1998","01 "
"263","-36.1 ","-29.7 ","-32.0 ","-22.2 ","-40.3 ","-37.2 ",": ",": ","-2.9 ","-5.3 ",": ",": ",": ",": ",": ",": ",": ",": ",": ",": ",": ",": ",": ",": ","1997","12 "
"264","-37.7 ","-32.5 ","-33.0 ","-24.4 ","-42.5 ","-40.6 ",": ",": ","-3.6 ","-7.4 ",": ",": ",": ",": ",": ",": ",": ",": ",": ",": ",": ",": ",": ",": ","1997","11 "
"265","-40.9 ","-37.4 ","-36.8 ","-31.0 ","-44.9 ","-43.7 ",": ",": ","-2.0 ","-13.2 ",": ",": ",": ",": ",": ",": ",": ",": ",": ",": ",": ",": ",": ",": ","1997","10 "
"266","-38.7 ","-39.9 ","-32.8 ","-33.6 ","-44.6 ","-46.3 ",": ",": ","-3.7 ","-16.0 ",": ",": ",": ",": ",": ",": ",": ",": ",": ",": ",": ",": ",": ",": ","1997","09 "
"267","-36.6 ","-39.9 ","-28.3 ","-31.8 ","-44.9 ","-48.0 ",": ",": ","-8.8 ","-20.3 ",": ",": ",": ",": ",": ",": ",": ",": ",": ",": ",": ",": ",": ",": ","1997","08 "
"268","-34.4 ","-39.9 ","-23.7 ","-30.1 ","-45.2 ","-49.7 ",": ",": ","-14.0 ","-23.8 ",": ",": ",": ",": ",": ",": ",": ",": ",": ",": ",": ",": ",": ",": ","1997","07 "
"269","-40.2 ","-45.0 ","-28.5 ","-35.0 ","-51.9 ","-55.0 ",": ",": ","-31.8 ","-30.3 ",": ",": ",": ",": ",": ",": ",": ",": ",": ",": ",": ",": ",": ",": ","1997","06 "
"270","-41.3 ","-46.6 ","-28.9 ","-36.4 ","-53.7 ","-56.8 ",": ",": ","-36.3 ","-32.0 ",": ",": ",": ",": ",": ",": ",": ",": ",": ",": ",": ",": ",": ",": ","1997","05 "
"271","-41.2 ","-46.2 ","-28.3 ","-35.9 ","-54.1 ","-56.6 ",": ",": ","-39.1 ","-31.1 ",": ",": ",": ",": ",": ",": ",": ",": ",": ",": ",": ",": ",": ",": ","1997","04 "
"272","-45.5 ","-48.5 ","-35.4 ","-39.5 ","-55.7 ","-57.5 ",": ",": ","-46.6 ","-41.0 ",": ",": ",": ",": ",": ",": ",": ",": ",": ",": ",": ",": ",": ",": ","1997","03 "
"273","-46.4 ","-47.8 ","-36.9 ","-38.2 ","-56.0 ","-57.4 ",": ",": ","-45.7 ","-42.5 ",": ",": ",": ",": ",": ",": ",": ",": ",": ",": ",": ",": ",": ",": ","1997","02 "
"274","-52.4 ","-51.8 ","-44.3 ","-42.8 ","-60.4 ","-60.7 ",": ",": ","-48.7 ","-45.9 ",": ",": ",": ",": ",": ",": ",": ",": ",": ",": ",": ",": ",": ",": ","1997","01 "
"275","-62.9 ","-59.7 ","-57.4 ","-51.0 ","-68.4 ","-68.4 ",": ",": ","-34.2 ","-40.2 ",": ",": ",": ",": ",": ",": ",": ",": ",": ",": ",": ",": ",": ",": ","1996","12 "
"276","-61.5 ","-58.8 ","-55.9 ","-50.1 ","-67.1 ","-67.6 ",": ",": ","-38.7 ","-46.8 ",": ",": ",": ",": ",": ",": ",": ",": ",": ",": ",": ",": ",": ",": ","1996","11 "
"277","-59.6 ","-58.5 ","-50.8 ","-47.7 ","-68.5 ","-69.3 ",": ",": ","-29.2 ","-43.7 ",": ",": ",": ",": ",": ",": ",": ",": ",": ",": ",": ",": ",": ",": ","1996","10 "
"278","-54.6 ","-57.7 ","-45.3 ","-48.5 ","-63.9 ","-67.0 ",": ",": ","-40.7 ","-56.5 ",": ",": ",": ",": ",": ",": ",": ",": ",": ",": ",": ",": ",": ",": ","1996","09 "
"279","-53.8 ","-58.6 ","-44.2 ","-49.7 ","-63.5 ","-67.5 ",": ",": ","-42.8 ","-56.9 ",": ",": ",": ",": ",": ",": ",": ",": ",": ",": ",": ",": ",": ",": ","1996","08 "
"280","-53.1 ","-59.1 ","-43.0 ","-50.3 ","-63.1 ","-67.8 ",": ",": ","-44.9 ","-56.6 ",": ",": ",": ",": ",": ",": ",": ",": ",": ",": ",": ",": ",": ",": ","1996","07 "
"281","-52.3 ","-57.5 ","-39.6 ","-46.7 ","-65.0 ","-68.2 ",": ",": ","-48.2 ","-49.0 ",": ",": ",": ",": ",": ",": ",": ",": ",": ",": ",": ",": ",": ",": ","1996","06 "
"282","-51.7 ","-56.5 ","-38.5 ","-45.8 ","-64.9 ","-67.1 ",": ",": ","-52.2 ","-47.6 ",": ",": ",": ",": ",": ",": ",": ",": ",": ",": ",": ",": ",": ",": ","1996","05 "
"283","-53.7 ","-57.1 ","-39.7 ","-46.0 ","-67.7 ","-68.2 ",": ",": ","-59.4 ","-48.7 ",": ",": ",": ",": ",": ",": ",": ",": ",": ",": ",": ",": ",": ",": ","1996","04 "
"284","-51.5 ","-52.2 ","-40.5 ","-43.1 ","-62.5 ","-61.4 ",": ",": ","-50.0 ","-41.9 ",": ",": ",": ",": ",": ",": ",": ",": ",": ",": ",": ",": ",": ",": ","1996","03 "
"285","-50.4 ","-48.4 ","-40.2 ","-38.4 ","-60.7 ","-58.4 ",": ",": ","-43.0 ","-36.3 ",": ",": ",": ",": ",": ",": ",": ",": ",": ",": ",": ",": ",": ",": ","1996","02 "
"286","-53.2 ","-49.3 ","-44.0 ","-39.5 ","-62.4 ","-59.1 ",": ",": ","-41.9 ","-35.4 ",": ",": ",": ",": ",": ",": ",": ",": ",": ",": ",": ",": ",": ",": ","1996","01 "
"287","-53.4 ","-48.1 ","-45.0 ","-37.1 ","-61.8 ","-59.1 ",": ",": ","-33.0 ","-32.1 ",": ",": ",": ",": ",": ",": ",": ",": ",": ",": ",": ",": ",": ",": ","1995","12 "
"288","-51.7 ","-46.2 ","-43.6 ","-35.7 ","-59.8 ","-56.8 ",": ",": ","-24.7 ","-26.0 ",": ",": ",": ",": ",": ",": ",": ",": ",": ",": ",": ",": ",": ",": ","1995","11 "
"289","-47.4 ","-42.7 ","-38.8 ","-32.2 ","-56.0 ","-53.3 ",": ",": ","-15.2 ","-20.1 ",": ",": ",": ",": ",": ",": ",": ",": ",": ",": ",": ",": ",": ",": ","1995","10 "
"290","-39.8 ","-38.6 ","-29.3 ","-28.1 ","-50.3 ","-49.2 ",": ",": ","2.0 ","-6.0 ",": ",": ",": ",": ",": ",": ",": ",": ",": ",": ",": ",": ",": ",": ","1995","09 "
"291","-35.2 ","-36.2 ","-24.0 ","-25.9 ","-46.5 ","-46.4 ",": ",": ","-0.5 ","-7.6 ",": ",": ",": ",": ",": ",": ",": ",": ",": ",": ",": ",": ",": ",": ","1995","08 "
"292","-30.7 ","-33.3 ","-18.7 ","-22.9 ","-42.6 ","-43.6 ",": ",": ","-3.1 ","-9.0 ",": ",": ",": ",": ",": ",": ",": ",": ",": ",": ",": ",": ",": ",": ","1995","07 "
"293","-28.8 ","-30.5 ","-18.5 ","-22.2 ","-39.2 ","-38.9 ",": ",": ","-15.1 ","-10.7 ",": ",": ",": ",": ",": ",": ",": ",": ",": ",": ",": ",": ",": ",": ","1995","06 "
"294","-28.4 ","-29.8 ","-17.0 ","-21.1 ","-39.7 ","-38.6 ",": ",": ","-18.8 ","-9.2 ",": ",": ",": ",": ",": ",": ",": ",": ",": ",": ",": ",": ",": ",": ","1995","05 "
"295","-29.6 ","-30.6 ","-17.6 ","-21.4 ","-41.6 ","-39.7 ",": ",": ","-20.7 ","-6.2 ",": ",": ",": ",": ",": ",": ",": ",": ",": ",": ",": ",": ",": ",": ","1995","04 "
"296","-32.7 ","-31.2 ","-19.1 ","-19.2 ","-46.4 ","-43.1 ",": ",": ","-15.4 ","-3.1 ",": ",": ",": ",": ",": ",": ",": ",": ",": ",": ",": ",": ",": ",": ","1995","03 "
"297","-38.8 ","-34.6 ","-27.8 ","-23.5 ","-49.9 ","-45.8 ",": ",": ","-14.1 ","-3.3 ",": ",": ",": ",": ",": ",": ",": ",": ",": ",": ",": ",": ",": ",": ","1995","02 "
"298","-37.3 ","-31.9 ","-25.2 ","-18.4 ","-49.4 ","-45.3 ",": ",": ","-9.9 ","-0.7 ",": ",": ",": ",": ",": ",": ",": ",": ",": ",": ",": ",": ",": ",": ","1995","01 "
"299","-34.2 ","-27.9 ","-27.2 ","-17.6 ","-41.3 ","-38.2 ",": ",": ","1.3 ","4.9 ",": ",": ",": ",": ",": ",": ",": ",": ",": ",": ",": ",": ",": ",": ","1994","12 "
"300","-34.3 ","-28.4 ","-27.2 ","-17.8 ","-41.4 ","-39.0 ",": ",": ","1.5 ","2.2 ",": ",": ",": ",": ",": ",": ",": ",": ",": ",": ",": ",": ",": ",": ","1994","11 "
"301","-34.0 ","-28.8 ","-24.6 ","-16.2 ","-43.3 ","-41.5 ",": ",": ","8.6 ","5.1 ",": ",": ",": ",": ",": ",": ",": ",": ",": ",": ",": ",": ",": ",": ","1994","10 "
"302","-31.0 ","-29.4 ","-16.1 ","-12.9 ","-45.8 ","-45.9 ",": ",": ","4.1 ","-1.0 ",": ",": ",": ",": ",": ",": ",": ",": ",": ",": ",": ",": ",": ",": ","1994","09 "
"303","-32.0 ","-33.0 ","-16.9 ","-17.2 ","-47.2 ","-48.7 ",": ",": ","2.0 ","-5.0 ",": ",": ",": ",": ",": ",": ",": ",": ",": ",": ",": ",": ",": ",": ","1994","08 "
"304","-33.1 ","-36.2 ","-17.8 ","-21.0 ","-48.5 ","-51.4 ",": ",": ","-0.2 ","-8.4 ",": ",": ",": ",": ",": ",": ",": ",": ",": ",": ",": ",": ",": ",": ","1994","07 "
"305","-37.1 ","-39.5 ","-20.4 ","-24.4 ","-53.8 ","-54.6 ",": ",": ","-24.5 ","-25.1 ",": ",": ",": ",": ",": ",": ",": ",": ",": ",": ",": ",": ",": ",": ","1994","06 "
"306","-37.7 ","-40.0 ","-21.3 ","-26.3 ","-54.2 ","-53.8 ",": ",": ","-31.5 ","-27.5 ",": ",": ",": ",": ",": ",": ",": ",": ",": ",": ",": ",": ",": ",": ","1994","05 "
"307","-38.1 ","-40.4 ","-22.8 ","-28.6 ","-53.4 ","-52.2 ",": ",": ","-39.1 ","-30.2 ",": ",": ",": ",": ",": ",": ",": ",": ",": ",": ",": ",": ",": ",": ","1994","04 "
"308","-43.9 ","-44.4 ","-29.8 ","-32.0 ","-58.0 ","-56.9 ",": ",": ","-39.8 ","-33.3 ",": ",": ",": ",": ",": ",": ",": ",": ",": ",": ",": ",": ",": ",": ","1994","03 "
"309","-46.6 ","-45.8 ","-32.8 ","-32.2 ","-60.4 ","-59.5 ",": ",": ","-40.4 ","-36.4 ",": ",": ",": ",": ",": ",": ",": ",": ",": ",": ",": ",": ",": ",": ","1994","02 "
"310","-49.4 ","-47.4 ","-37.0 ","-33.5 ","-61.9 ","-61.3 ",": ",": ","-42.9 ","-40.6 ",": ",": ",": ",": ",": ",": ",": ",": ",": ",": ",": ",": ",": ",": ","1994","01 "
"311","-57.0 ","-53.6 ","-47.4 ","-41.6 ","-66.6 ","-65.7 ",": ",": ","-40.4 ","-41.8 ",": ",": ",": ",": ",": ",": ",": ",": ",": ",": ",": ",": ",": ",": ","1993","12 "
"312","-56.9 ","-53.7 ","-46.5 ","-40.7 ","-67.3 ","-66.7 ",": ",": ","-41.4 ","-45.7 ",": ",": ",": ",": ",": ",": ",": ",": ",": ",": ",": ",": ",": ",": ","1993","11 "
"313",": ","-52.6 ",": ","-39.1 ",": ","-66.1 ",": ",": ",": ","-50.2 ",": ",": ",": ",": ",": ",": ",": ",": ",": ",": ",": ",": ",": ",": ","1993","10 "
"314","-53.9 ","-54.3 ","-43.2 ","-41.7 ","-64.7 ","-67.0 ",": ",": ","-45.7 ","-53.8 ",": ",": ",": ",": ",": ",": ",": ",": ",": ",": ",": ",": ",": ",": ","1993","09 "
"315","-53.3 ","-56.5 ","-41.4 ","-43.9 ","-65.2 ","-69.1 ",": ",": ","-48.5 ","-57.7 ",": ",": ",": ",": ",": ",": ",": ",": ",": ",": ",": ",": ",": ",": ","1993","08 "
"316",": ","-59.5 ",": ","-47.8 ",": ","-71.3 ",": ",": ",": ","-63.6 ",": ",": ",": ",": ",": ",": ",": ",": ",": ",": ",": ",": ",": ",": ","1993","07 "
"317",": ","-59.3 ",": ","-48.9 ",": ","-69.6 ",": ",": ",": ","-63.2 ",": ",": ",": ",": ",": ",": ",": ",": ",": ",": ",": ",": ",": ",": ","1993","06 "
"318",": ","-59.0 ",": ","-49.9 ",": ","-68.0 ",": ",": ",": ","-62.8 ",": ",": ",": ",": ",": ",": ",": ",": ",": ",": ",": ",": ",": ",": ","1993","05 "
"319","-55.2 ","-58.8 ","-42.3 ","-51.0 ","-68.1 ","-66.6 ",": ",": ","-70.5 ","-62.5 ",": ",": ",": ",": ",": ",": ",": ",": ",": ",": ",": ",": ",": ",": ","1993","04 "
"320",": ","-60.0 ",": ","-52.4 ",": ","-67.7 ",": ",": ",": ","-63.9 ",": ",": ",": ",": ",": ",": ",": ",": ",": ",": ",": ",": ",": ",": ","1993","03 "
"321",": ","-61.3 ",": ","-53.8 ",": ","-68.8 ",": ",": ",": ","-65.1 ",": ",": ",": ",": ",": ",": ",": ",": ",": ",": ",": ",": ",": ",": ","1993","02 "
"322","-63.9 ","-62.3 ","-57.5 ","-54.9 ","-70.3 ","-69.7 ",": ",": ","-68.3 ","-65.8 ",": ",": ",": ",": ",": ",": ",": ",": ",": ",": ",": ",": ",": ",": ","1993","01 "
"323",": ","-60.6 ",": ","-52.7 ",": ","-68.5 ",": ",": ",": ","-62.8 ",": ",": ",": ",": ",": ",": ",": ",": ",": ",": ",": ",": ",": ",": ","1992","12 "
"324",": ","-58.8 ",": ","-50.4 ",": ","-67.3 ",": ",": ",": ","-59.9 ",": ",": ",": ",": ",": ",": ",": ",": ",": ",": ",": ",": ",": ",": ","1992","11 "
"325","-60.1 ","-57.1 ","-54.9 ","-48.2 ","-65.4 ","-66.0 ",": ",": ","-52.9 ","-57.1 ",": ",": ",": ",": ",": ",": ",": ",": ",": ",": ",": ",": ",": ",": ","1992","10 "
"326",": ","-54.2 ",": ","-45.1 ",": ","-63.3 ",": ",": ",": ","-53.3 ",": ",": ",": ",": ",": ",": ",": ",": ",": ",": ",": ",": ",": ",": ","1992","09 "
"327",": ","-51.5 ",": ","-42.2 ",": ","-60.8 ",": ",": ",": ","-49.6 ",": ",": ",": ",": ",": ",": ",": ",": ",": ",": ",": ",": ",": ",": ","1992","08 "
"328","-43.7 ","-48.7 ","-34.5 ","-39.2 ","-52.9 ","-58.2 ",": ",": ","-37.8 ","-45.9 ",": ",": ",": ",": ",": ",": ",": ",": ",": ",": ",": ",": ",": ",": ","1992","07 "
"329",": ","-46.0 ",": ","-37.5 ",": ","-54.4 ",": ",": ",": ","-40.2 ",": ",": ",": ",": ",": ",": ",": ",": ",": ",": ",": ",": ",": ",": ","1992","06 "
"330",": ","-43.4 ",": ","-36.0 ",": ","-50.7 ",": ",": ",": ","-35.0 ",": ",": ",": ",": ",": ",": ",": ",": ",": ",": ",": ",": ",": ",": ","1992","05 "
"331","-39.3 ","-40.7 ","-27.8 ","-34.4 ","-50.7 ","-47.1 ",": ",": ","-40.2 ","-30.0 ",": ",": ",": ",": ",": ",": ",": ",": ",": ",": ",": ",": ",": ",": ","1992","04 "
"332",": ","-37.6 ",": ","-30.6 ",": ","-44.7 ",": ",": ",": ","-30.4 ",": ",": ",": ",": ",": ",": ",": ",": ",": ",": ",": ",": ",": ",": ","1992","03 "
"333",": ","-34.5 ",": ","-26.8 ",": ","-42.3 ",": ",": ",": ","-30.4 ",": ",": ",": ",": ",": ",": ",": ",": ",": ",": ",": ",": ",": ",": ","1992","02 "
"334","-34.7 ","-31.8 ","-27.5 ","-23.5 ","-42.0 ","-40.1 ",": ",": ","-31.7 ","-30.2 ",": ",": ",": ",": ",": ",": ",": ",": ",": ",": ",": ",": ",": ",": ","1992","01 "
"335",": ","-29.9 ",": ","-20.3 ",": ","-39.5 ",": ",": ",": ","-28.7 ",": ",": ",": ",": ",": ",": ",": ",": ",": ",": ",": ",": ",": ",": ","1991","12 "
"336",": ","-28.1 ",": ","-17.1 ",": ","-39.0 ",": ",": ",": ","-27.0 ",": ",": ",": ",": ",": ",": ",": ",": ",": ",": ",": ",": ",": ",": ","1991","11 "
"337","-29.4 ","-26.3 ","-20.8 ","-14.0 ","-37.9 ","-38.6 ",": ",": ","-19.6 ","-25.1 ",": ",": ",": ",": ",": ",": ",": ",": ",": ",": ",": ",": ",": ",": ","1991","10 "
"338",": ","-24.0 ",": ","-12.9 ",": ","-35.1 ",": ",": ",": ","-21.4 ",": ",": ",": ",": ",": ",": ",": ",": ",": ",": ",": ",": ",": ",": ","1991","09 "
"339",": ","-21.8 ",": ","-11.8 ",": ","-31.8 ",": ",": ",": ","-18.1 ",": ",": ",": ",": ",": ",": ",": ",": ",": ",": ",": ",": ",": ",": ","1991","08 "
"340","-15.1 ","-19.7 ","-6.4 ","-10.7 ","-23.8 ","-28.6 ",": ",": ","-8.0 ","-15.3 ",": ",": ",": ",": ",": ",": ",": ",": ",": ",": ",": ",": ",": ",": ","1991","07 "
"341",": ","-17.6 ",": ","-8.7 ",": ","-26.4 ",": ",": ",": ","-12.2 ",": ",": ",": ",": ",": ",": ",": ",": ",": ",": ",": ",": ",": ",": ","1991","06 "
"342",": ","-15.6 ",": ","-6.9 ",": ","-24.4 ",": ",": ",": ","-8.7 ",": ",": ",": ",": ",": ",": ",": ",": ",": ",": ",": ",": ",": ",": ","1991","05 "
"343","-13.2 ","-13.8 ","1.2 ","-5.2 ","-27.5 ","-22.4 ",": ",": ","-21.6 ","-5.1 ",": ",": ",": ",": ",": ",": ",": ",": ",": ",": ",": ",": ",": ",": ","1991","04 "
"344",": ","-11.1 ",": ","-2.4 ",": ","-19.7 ",": ",": ",": ","-4.7 ",": ",": ",": ",": ",": ",": ",": ",": ",": ",": ",": ",": ",": ",": ","1991","03 "
"345",": ","-8.4 ",": ","0.3 ",": ","-17.0 ",": ",": ",": ","-4.2 ",": ",": ",": ",": ",": ",": ",": ",": ",": ",": ",": ",": ",": ",": ","1991","02 "
"346","-10.1 ","-6.1 ","-1.8 ","2.7 ","-18.5 ","-14.8 ",": ",": ","-4.2 ","-3.3 ",": ",": ",": ",": ",": ",": ",": ",": ",": ",": ",": ",": ",": ",": ","1991","01 "
"347",": ","-6.4 ",": ","2.2 ",": ","-15.0 ",": ",": ",": ","-0.6 ",": ",": ",": ",": ",": ",": ",": ",": ",": ",": ",": ",": ",": ",": ","1990","12 "
"348",": ","-7.0 ",": ","1.5 ",": ","-15.4 ",": ",": ",": ","2.2 ",": ",": ",": ",": ",": ",": ",": ",": ",": ",": ",": ",": ",": ",": ","1990","11 "
"349","-9.8 ","-7.4 ","-6.0 ","1.0 ","-13.6 ","-15.8 ",": ",": ","12.6 ","4.7 ",": ",": ",": ",": ",": ",": ",": ",": ",": ",": ",": ",": ",": ",": ","1990","10 "
"350",": ","-6.7 ",": ","2.2 ",": ","-15.6 ",": ",": ",": ","5.9 ",": ",": ",": ",": ",": ",": ",": ",": ",": ",": ",": ",": ",": ",": ","1990","09 "
"351",": ","-6.2 ",": ","3.2 ",": ","-15.7 ",": ",": ",": ","6.6 ",": ",": ",": ",": ",": ",": ",": ",": ",": ",": ",": ",": ",": ",": ","1990","08 "
"352","-0.2 ","-5.8 ","8.8 ","4.2 ","-9.1 ","-15.8 ",": ",": ","18.2 ","7.0 ",": ",": ",": ",": ",": ",": ",": ",": ",": ",": ",": ",": ",": ",": ","1990","07 "
"353",": ","-5.0 ",": ","5.7 ",": ","-15.7 ",": ",": ",": ","8.7 ",": ",": ",": ",": ",": ",": ",": ",": ",": ",": ",": ",": ",": ",": ","1990","06 "
"354",": ","-4.3 ",": ","7.0 ",": ","-15.5 ",": ",": ",": ","10.1 ",": ",": ",": ",": ",": ",": ",": ",": ",": ",": ",": ",": ",": ",": ","1990","05 "
"355","-1.4 ","-3.5 ","14.9 ","8.2 ","-17.7 ","-15.3 ",": ",": ","-5.8 ","11.2 ",": ",": ",": ",": ",": ",": ",": ",": ",": ",": ",": ",": ",": ",": ","1990","04 "
"356",": ","-2.9 ",": ","8.9 ",": ","-14.8 ",": ",": ",": ","9.4 ",": ",": ",": ",": ",": ",": ",": ",": ",": ",": ",": ",": ",": ",": ","1990","03 "
"357",": ","-2.4 ",": ","9.6 ",": ","-14.3 ",": ",": ",": ","8.0 ",": ",": ",": ",": ",": ",": ",": ",": ",": ",": ",": ",": ",": ",": ","1990","02 "
"358","-6.8 ","-2.0 ","4.7 ","10.0 ","-18.2 ","-14.1 ",": ",": ","7.5 ","6.8 ",": ",": ",": ",": ",": ",": ",": ",": ",": ",": ",": ",": ",": ",": ","1990","01 "
"359",": ","-3.5 ",": ","7.7 ",": ","-14.7 ",": ",": ",": ","5.2 ",": ",": ",": ",": ",": ",": ",": ",": ",": ",": ",": ",": ",": ",": ","1989","12 "
"360",": ","-4.9 ",": ","5.5 ",": ","-15.2 ",": ",": ",": ","3.8 ",": ",": ",": ",": ",": ",": ",": ",": ",": ",": ",": ",": ",": ",": ","1989","11 "
"361","-7.9 ","-6.1 ","-2.4 ","3.4 ","-13.4 ","-15.7 ",": ",": ","12.0 ","2.7 ",": ",": ",": ",": ",": ",": ",": ",": ",": ",": ",": ",": ",": ",": ","1989","10 "
"362",": ","-5.9 ",": ","2.6 ",": ","-14.3 ",": ",": ",": ","5.8 ",": ",": ",": ",": ",": ",": ",": ",": ",": ",": ",": ",": ",": ",": ","1989","09 "
"363",": ","-5.6 ",": ","1.8 ",": ","-13.1 ",": ",": ",": ","8.8 ",": ",": ",": ",": ",": ",": ",": ",": ",": ",": ",": ",": ",": ",": ","1989","08 "
"364","-0.5 ","-5.5 ","6.0 ","0.9 ","-6.9 ","-11.9 ",": ",": ","21.3 ","11.8 ",": ",": ",": ",": ",": ",": ",": ",": ",": ",": ",": ",": ",": ",": ","1989","07 "
"365",": ","-3.9 ",": ","3.1 ",": ","-10.9 ",": ",": ",": ","20.7 ",": ",": ",": ",": ",": ",": ",": ",": ",": ",": ",": ",": ",": ",": ","1989","06 "
"366",": ","-2.3 ",": ","5.2 ",": ","-9.8 ",": ",": ",": ","29.0 ",": ",": ",": ",": ",": ",": ",": ",": ",": ",": ",": ",": ",": ",": ","1989","05 "
"367","0.7 ","-0.6 ","13.5 ","7.3 ","-12.1 ","-8.5 ",": ",": ","15.6 ","37.0 ",": ",": ",": ",": ",": ",": ",": ",": ",": ",": ",": ",": ",": ",": ","1989","04 "
"368",": ","-0.3 ",": ","6.0 ",": ","-6.7 ",": ",": ",": ","32.7 ",": ",": ",": ",": ",": ",": ",": ",": ",": ",": ",": ",": ",": ",": ","1989","03 "
"369",": ","-0.1 ",": ","4.7 ",": ","-4.9 ",": ",": ",": ","28.8 ",": ",": ",": ",": ",": ",": ",": ",": ",": ",": ",": ",": ",": ",": ","1989","02 "
"370","-6.3 ","0.0 ","-3.2 ","3.6 ","-9.3 ","-3.5 ",": ",": ","23.3 ","25.0 ",": ",": ",": ",": ",": ",": ",": ",": ",": ",": ",": ",": ",": ",": ","1989","01 "
"371",": ","-0.3 ",": ","3.4 ",": ","-3.9 ",": ",": ",": ","26.5 ",": ",": ",": ",": ",": ",": ",": ",": ",": ",": ",": ",": ",": ",": ","1988","12 "
"372",": ","-0.6 ",": ","3.2 ",": ","-4.4 ",": ",": ",": ","28.0 ",": ",": ",": ",": ",": ",": ",": ",": ",": ",": ",": ",": ",": ",": ","1988","11 "
"373","-3.1 ","-1.0 ","-3.4 ","2.9 ","-2.8 ","-4.8 ",": ",": ","39.6 ","29.6 ",": ",": ",": ",": ",": ",": ",": ",": ",": ",": ",": ",": ",": ",": ","1988","10 "
"374",": ","0.4 ",": ","4.8 ",": ","-4.0 ",": ",": ",": ","29.1 ",": ",": ",": ",": ",": ",": ",": ",": ",": ",": ",": ",": ",": ",": ","1988","09 "
"375",": ","1.6 ",": ","6.6 ",": ","-3.4 ",": ",": ",": ","28.6 ",": ",": ",": ",": ",": ",": ",": ",": ",": ",": ",": ",": ",": ",": ","1988","08 "
"376","7.9 ","2.7 ","13.0 ","8.2 ","2.8 ","-2.8 ",": ",": ","39.9 ","28.2 ",": ",": ",": ",": ",": ",": ",": ",": ",": ",": ",": ",": ",": ",": ","1988","07 "
"377",": ","-0.8 ",": ","5.2 ",": ","-6.9 ",": ",": ",": ","28.0 ",": ",": ",": ",": ",": ",": ",": ",": ",": ",": ",": ",": ",": ",": ","1988","06 "
"378",": ","-4.3 ",": ","2.2 ",": ","-10.8 ",": ",": ",": ","30.5 ",": ",": ",": ",": ",": ",": ",": ",": ",": ",": ",": ",": ",": ",": ","1988","05 "
"379","-4.6 ","-7.6 ","6.4 ","-0.7 ","-15.6 ","-14.5 ",": ",": ","9.5 ","33.7 ",": ",": ",": ",": ",": ",": ",": ",": ",": ",": ",": ",": ",": ",": ","1988","04 "
"380",": ","-6.6 ",": ","0.1 ",": ","-13.2 ",": ",": ",": ","31.3 ",": ",": ",": ",": ",": ",": ",": ",": ",": ",": ",": ",": ",": ",": ","1988","03 "
"381",": ","-5.6 ",": ","0.8 ",": ","-12.0 ",": ",": ",": ","28.4 ",": ",": ",": ",": ",": ",": ",": ",": ",": ",": ",": ",": ",": ",": ","1988","02 "
"382","-10.1 ","-5.2 ","-5.0 ","0.6 ","-15.3 ","-11.0 ",": ",": ","26.3 ","25.4 ",": ",": ",": ",": ",": ",": ",": ",": ",": ",": ",": ",": ",": ",": ","1988","01 "
"383",": ","-7.2 ",": ","-1.9 ",": ","-12.6 ",": ",": ",": ","23.1 ",": ",": ",": ",": ",": ",": ",": ",": ",": ",": ",": ",": ",": ",": ","1987","12 "
"384",": ","-9.4 ",": ","-4.3 ",": ","-14.4 ",": ",": ",": ","21.0 ",": ",": ",": ",": ",": ",": ",": ",": ",": ",": ",": ",": ",": ",": ","1987","11 "
"385","-11.7 ","-11.3 ","-9.8 ","-6.4 ","-13.5 ","-16.3 ",": ",": ","30.4 ","19.0 ",": ",": ",": ",": ",": ",": ",": ",": ",": ",": ",": ",": ",": ",": ","1987","10 "
"386",": ","-11.8 ",": ","-5.8 ",": ","-17.8 ",": ",": ",": ","17.7 ",": ",": ",": ",": ",": ",": ",": ",": ",": ",": ",": ",": ",": ",": ","1987","09 "
"387",": ","-12.3 ",": ","-5.3 ",": ","-19.3 ",": ",": ",": ","16.4 ",": ",": ",": ",": ",": ",": ",": ",": ",": ",": ",": ",": ",": ",": ","1987","08 "
"388","-9.1 ","-13.0 ","-1.4 ","-5.1 ","-16.7 ","-20.8 ",": ",": ","28.8 ","15.0 ",": ",": ",": ",": ",": ",": ",": ",": ",": ",": ",": ",": ",": ",": ","1987","07 "
"389",": ","-15.0 ",": ","-8.4 ",": ","-21.5 ",": ",": ",": ","8.4 ",": ",": ",": ",": ",": ",": ",": ",": ",": ",": ",": ",": ",": ",": ","1987","06 "
"390",": ","-16.8 ",": ","-11.4 ",": ","-22.2 ",": ",": ",": ","2.9 ",": ",": ",": ",": ",": ",": ",": ",": ",": ",": ",": ",": ",": ",": ","1987","05 "
"391","-14.7 ","-18.4 ","-5.9 ","-13.9 ","-23.4 ","-22.8 ",": ",": ","-21.2 ","-2.7 ",": ",": ",": ",": ",": ",": ",": ",": ",": ",": ",": ",": ",": ",": ","1987","04 "
"392",": ","-19.7 ",": ","-14.3 ",": ","-25.2 ",": ",": ",": ","-0.7 ",": ",": ",": ",": ",": ",": ",": ",": ",": ",": ",": ",": ",": ",": ","1987","03 "
"393",": ","-21.1 ",": ","-14.9 ",": ","-27.4 ",": ",": ",": ","1.2 ",": ",": ",": ",": ",": ",": ",": ",": ",": ",": ",": ",": ",": ",": ","1987","02 "
"394","-27.3 ","-22.4 ","-20.6 ","-15.5 ","-34.0 ","-29.3 ",": ",": ","2.7 ","2.8 ",": ",": ",": ",": ",": ",": ",": ",": ",": ",": ",": ",": ",": ",": ","1987","01 "
"395",": ","-21.5 ",": ","-14.4 ",": ","-28.6 ",": ",": ",": ","5.9 ",": ",": ",": ",": ",": ",": ",": ",": ",": ",": ",": ",": ",": ",": ","1986","12 "
"396",": ","-20.7 ",": ","-13.4 ",": ","-27.9 ",": ",": ",": ","8.9 ",": ",": ",": ",": ",": ",": ",": ",": ",": ",": ",": ",": ",": ",": ","1986","11 "
"397","-21.5 ","-19.9 ","-16.4 ","-12.4 ","-26.5 ","-27.4 ",": ",": ","17.8 ","11.6 ",": ",": ",": ",": ",": ",": ",": ",": ",": ",": ",": ",": ",": ",": ","1986","10 "
"398",": ","-18.9 ",": ","-11.2 ",": ","-26.7 ",": ",": ",": ","11.9 ",": ",": ",": ",": ",": ",": ",": ",": ",": ",": ",": ",": ",": ",": ","1986","09 "
"399",": ","-18.1 ",": ","-10.1 ",": ","-26.1 ",": ",": ",": ","12.0 ",": ",": ",": ",": ",": ",": ",": ",": ",": ",": ",": ",": ",": ",": ","1986","08 "
"400","-16.2 ","-17.3 ","-9.3 ","-8.9 ","-23.2 ","-25.6 ",": ",": ","18.6 ","12.3 ",": ",": ",": ",": ",": ",": ",": ",": ",": ",": ",": ",": ",": ",": ","1986","07 "
"401",": ","-19.7 ",": ","-10.0 ",": ","-29.4 ",": ",": ",": ","8.4 ",": ",": ",": ",": ",": ",": ",": ",": ",": ",": ",": ",": ",": ",": ","1986","06 "
"402",": ","-21.9 ",": ","-10.8 ",": ","-32.9 ",": ",": ",": ","4.8 ",": ",": ",": ",": ",": ",": ",": ",": ",": ",": ",": ",": ",": ",": ","1986","05 "
"403","-21.8 ","-23.8 ","-5.8 ","-11.5 ","-37.8 ","-36.1 ",": ",": ","-17.6 ","1.2 ",": ",": ",": ",": ",": ",": ",": ",": ",": ",": ",": ",": ",": ",": ","1986","04 "
"404",": ","-25.0 ",": ","-12.2 ",": ","-37.9 ",": ",": ",": ","3.4 ",": ",": ",": ",": ",": ",": ",": ",": ",": ",": ",": ",": ",": ",": ","1986","03 "
"405",": ","-26.4 ",": ","-13.0 ",": ","-39.7 ",": ",": ",": ","5.5 ",": ",": ",": ",": ",": ",": ",": ",": ",": ",": ",": ",": ",": ",": ","1986","02 "
"406","-32.1 ","-27.6 ","-19.3 ","-13.9 ","-44.8 ","-41.3 ",": ",": ","6.4 ","7.1 ",": ",": ",": ",": ",": ",": ",": ",": ",": ",": ",": ",": ",": ",": ","1986","01 "
"407",": ","-29.1 ",": ","-16.3 ",": ","-42.0 ",": ",": ",": ","6.0 ",": ",": ",": ",": ",": ",": ",": ",": ",": ",": ",": ",": ",": ",": ","1985","12 "
"408",": ","-30.6 ",": ","-18.6 ",": ","-42.6 ",": ",": ",": ","5.0 ",": ",": ",": ",": ",": ",": ",": ",": ",": ",": ",": ",": ",": ",": ","1985","11 "
"409","-33.6 ","-32.0 ","-24.9 ","-20.8 ","-42.3 ","-43.3 ",": ",": ","10.6 ","3.8 ",": ",": ",": ",": ",": ",": ",": ",": ",": ",": ",": ",": ",": ",": ","1985","10 "
"410",": ","-32.5 ",": ","-19.8 ",": ","-45.1 ",": ",": ",": ","0.5 ",": ",": ",": ",": ",": ",": ",": ",": ",": ",": ",": ",": ",": ",": ","1985","09 "
"411",": ","-32.9 ",": ","-19.1 ",": ","-46.8 ",": ",": ",": ","-2.6 ",": ",": ",": ",": ",": ",": ",": ",": ",": ",": ",": ",": ",": ",": ","1985","08 "
"412","-32.4 ","-33.4 ","-18.1 ","-18.3 ","-46.7 ","-48.5 ",": ",": ","2.3 ","-5.8 ",": ",": ",": ",": ",": ",": ",": ",": ",": ",": ",": ",": ",": ",": ","1985","07 "
"413",": ","-35.6 ",": ","-21.5 ",": ","-49.7 ",": ",": ",": ","-14.2 ",": ",": ",": ",": ",": ",": ",": ",": ",": ",": ",": ",": ",": ",": ","1985","06 "
"414",": ","-37.8 ",": ","-24.5 ",": ","-51.0 ",": ",": ",": ","-22.0 ",": ",": ",": ",": ",": ",": ",": ",": ",": ",": ",": ",": ",": ",": ","1985","05 "
"415","-36.8 ","-40.0 ","-20.4 ","-27.6 ","-53.2 ","-52.3 ",": ",": ","-43.2 ","-29.8 ",": ",": ",": ",": ",": ",": ",": ",": ",": ",": ",": ",": ",": ",": ","1985","04 "
"416",": ","-44.5 ",": ","-32.6 ",": ","-56.5 ",": ",": ",": ","-31.6 ",": ",": ",": ",": ",": ",": ",": ",": ",": ",": ",": ",": ",": ",": ","1985","03 "
"417",": ","-49.1 ",": ","-37.6 ",": ","-60.7 ",": ",": ",": ","-33.8 ",": ",": ",": ",": ",": ",": ",": ",": ",": ",": ",": ",": ",": ",": ","1985","02 "
"418","-55.8 ","-53.2 ","-45.1 ","-42.0 ","-66.5 ","-64.4 ",": ",": ","-33.3 ","-35.8 ",": ",": ",": ",": ",": ",": ",": ",": ",": ",": ",": ",": ",": ",": ","1985","01 "
"419",": ","-54.0 ",": ","-44.3 ",": ","-63.8 ",": ",": ",": ","-38.2 ",": ",": ",": ",": ",": ",": ",": ",": ",": ",": ",": ",": ",": ",": ","1984","12 "
"420",": ","-54.6 ",": ","-46.4 ",": ","-62.9 ",": ",": ",": ","-40.1 ",": ",": ",": ",": ",": ",": ",": ",": ",": ",": ",": ",": ",": ",": ","1984","11 "
"421","-54.7 ","-55.2 ","-49.3 ","-48.3 ","-60.1 ","-62.1 ",": ",": ","-34.6 ","-42.0 ",": ",": ",": ",": ",": ",": ",": ",": ",": ",": ",": ",": ",": ",": ","1984","10 "
"422",": ","-56.9 ",": ","-48.9 ",": ","-64.9 ",": ",": ",": ","-42.6 ",": ",": ",": ",": ",": ",": ",": ",": ",": ",": ",": ",": ",": ",": ","1984","09 "
"423",": ","-58.4 ",": ","-49.3 ",": ","-67.5 ",": ",": ",": ","-43.0 ",": ",": ",": ",": ",": ",": ",": ",": ",": ",": ",": ",": ",": ",": ","1984","08 "
"424","-58.1 ","-59.9 ","-49.0 ","-49.7 ","-67.2 ","-70.0 ",": ",": ","-37.6 ","-43.5 ",": ",": ",": ",": ",": ",": ",": ",": ",": ",": ",": ",": ",": ",": ","1984","07 "
"425",": ","-61.2 ",": ","-51.4 ",": ","-71.1 ",": ",": ",": ","-43.7 ",": ",": ",": ",": ",": ",": ",": ",": ",": ",": ",": ",": ",": ",": ","1984","06 "
"426",": ","-62.5 ",": ","-52.9 ",": ","-72.1 ",": ",": ",": ","-44.1 ",": ",": ",": ",": ",": ",": ",": ",": ",": ",": ",": ",": ",": ",": ","1984","05 "
"427","-61.3 ","-63.7 ","-48.1 ","-54.3 ","-74.5 ","-73.1 ",": ",": ","-58.1 ","-44.4 ",": ",": ",": ",": ",": ",": ",": ",": ",": ",": ",": ",": ",": ",": ","1984","04 "
"428",": ","-63.1 ",": ","-53.7 ",": ","-72.4 ",": ",": ",": ","-42.8 ",": ",": ",": ",": ",": ",": ",": ",": ",": ",": ",": ",": ",": ",": ","1984","03 "
"429",": ","-62.5 ",": ","-53.2 ",": ","-71.8 ",": ",": ",": ","-41.3 ",": ",": ",": ",": ",": ",": ",": ",": ",": ",": ",": ",": ",": ",": ","1984","02 "
"430","-65.4 ","-62.1 ","-57.3 ","-53.0 ","-73.6 ","-71.2 ",": ",": ","-41.0 ","-40.2 ",": ",": ",": ",": ",": ",": ",": ",": ",": ",": ",": ",": ",": ",": ","1984","01 "
"431",": ","-61.6 ",": ","-50.9 ",": ","-72.3 ",": ",": ",": ","-43.8 ",": ",": ",": ",": ",": ",": ",": ",": ",": ",": ",": ",": ",": ",": ","1983","12 "
"432",": ","-60.7 ",": ","-48.5 ",": ","-72.9 ",": ",": ",": ","-46.0 ",": ",": ",": ",": ",": ",": ",": ",": ",": ",": ",": ",": ",": ",": ","1983","11 "
"433","-60.4 ","-59.7 ","-48.4 ","-46.2 ","-72.3 ","-73.3 ",": ",": ","-40.2 ","-47.9 ",": ",": ",": ",": ",": ",": ",": ",": ",": ",": ",": ",": ",": ",": ","1983","10 "
"434",": ","-60.7 ",": ","-48.8 ",": ","-72.7 ",": ",": ",": ","-47.7 ",": ",": ",": ",": ",": ",": ",": ",": ",": ",": ",": ",": ",": ",": ","1983","09 "
"435",": ","-61.6 ",": ","-51.1 ",": ","-72.1 ",": ",": ",": ","-47.4 ",": ",": ",": ",": ",": ",": ",": ",": ",": ",": ",": ",": ",": ",": ","1983","08 "
"436","-61.4 ","-62.5 ","-53.8 ","-53.5 ","-69.0 ","-71.5 ",": ",": ","-40.6 ","-47.2 ",": ",": ",": ",": ",": ",": ",": ",": ",": ",": ",": ",": ",": ",": ","1983","07 "
"437",": ","-59.3 ",": ","-49.2 ",": ","-69.3 ",": ",": ",": ","-43.8 ",": ",": ",": ",": ",": ",": ",": ",": ",": ",": ",": ",": ",": ",": ","1983","06 "
"438",": ","-56.2 ",": ","-45.1 ",": ","-67.2 ",": ",": ",": ","-40.5 ",": ",": ",": ",": ",": ",": ",": ",": ",": ",": ",": ",": ",": ",": ","1983","05 "
"439","-50.9 ","-53.0 ","-35.3 ","-41.0 ","-66.5 ","-65.1 ",": ",": ","-50.6 ","-37.3 ",": ",": ",": ",": ",": ",": ",": ",": ",": ",": ",": ",": ",": ",": ","1983","04 "
"440",": ","-50.7 ",": ","-38.0 ",": ","-63.3 ",": ",": ",": ","-36.5 ",": ",": ",": ",": ",": ",": ",": ",": ",": ",": ",": ",": ",": ",": ","1983","03 "
"441",": ","-48.3 ",": ","-35.1 ",": ","-61.5 ",": ",": ",": ","-35.6 ",": ",": ",": ",": ",": ",": ",": ",": ",": ",": ",": ",": ",": ",": ","1983","02 "
"442","-50.2 ","-46.4 ","-37.4 ","-32.9 ","-62.9 ","-59.8 ",": ",": ","-37.4 ","-35.6 ",": ",": ",": ",": ",": ",": ",": ",": ",": ",": ",": ",": ",": ",": ","1983","01 "
"443",": ","-48.5 ",": ","-35.3 ",": ","-61.7 ",": ",": ",": ","-37.4 ",": ",": ",": ",": ",": ",": ",": ",": ",": ",": ",": ",": ",": ",": ","1982","12 "
"444",": ","-50.2 ",": ","-37.4 ",": ","-63.0 ",": ",": ",": ","-37.8 ",": ",": ",": ",": ",": ",": ",": ",": ",": ",": ",": ",": ",": ",": ","1982","11 "
"445","-52.4 ","-51.7 ","-41.7 ","-39.2 ","-63.0 ","-64.2 ",": ",": ","-30.3 ","-38.2 ",": ",": ",": ",": ",": ",": ",": ",": ",": ",": ",": ",": ",": ",": ","1982","10 "
"446",": ","-51.6 ",": ","-38.6 ",": ","-64.6 ",": ",": ",": ","-38.1 ",": ",": ",": ",": ",": ",": ",": ",": ",": ",": ",": ",": ",": ",": ","1982","09 "
"447",": ","-51.6 ",": ","-38.2 ",": ","-65.0 ",": ",": ",": ","-38.0 ",": ",": ",": ",": ",": ",": ",": ",": ",": ",": ",": ",": ",": ",": ","1982","08 "
"448","-49.6 ","-51.8 ","-36.7 ","-37.9 ","-62.5 ","-65.6 ",": ",": ","-30.6 ","-37.7 ",": ",": ",": ",": ",": ",": ",": ",": ",": ",": ",": ",": ",": ",": ","1982","07 "
"449",": ","-52.1 ",": ","-39.6 ",": ","-64.6 ",": ",": ",": ","-38.3 ",": ",": ",": ",": ",": ",": ",": ",": ",": ",": ",": ",": ",": ",": ","1982","06 "
"450",": ","-52.3 ",": ","-41.1 ",": ","-63.4 ",": ",": ",": ","-38.9 ",": ",": ",": ",": ",": ",": ",": ",": ",": ",": ",": ",": ",": ",": ","1982","05 "
"451","-49.7 ","-52.4 ","-36.0 ","-42.6 ","-63.4 ","-62.3 ",": ",": ","-52.7 ","-39.4 ",": ",": ",": ",": ",": ",": ",": ",": ",": ",": ",": ",": ",": ",": ","1982","04 "
"452",": ","-50.7 ",": ","-41.2 ",": ","-60.2 ",": ",": ",": ","-34.8 ",": ",": ",": ",": ",": ",": ",": ",": ",": ",": ",": ",": ",": ",": ","1982","03 "
"453",": ","-49.0 ",": ","-39.7 ",": ","-58.2 ",": ",": ",": ","-29.9 ",": ",": ",": ",": ",": ",": ",": ",": ",": ",": ",": ",": ",": ",": ","1982","02 "
"454","-51.6 ","-47.6 ","-43.2 ","-38.5 ","-59.9 ","-56.7 ",": ",": ","-29.0 ","-26.5 ",": ",": ",": ",": ",": ",": ",": ",": ",": ",": ",": ",": ",": ",": ","1982","01 "
"455",": ","-46.2 ",": ","-36.4 ",": ","-56.0 ",": ",": ",": ","-27.4 ",": ",": ",": ",": ",": ",": ",": ",": ",": ",": ",": ",": ",": ",": ","1981","12 "
"456",": ","-44.6 ",": ","-34.4 ",": ","-54.8 ",": ",": ",": ","-27.0 ",": ",": ",": ",": ",": ",": ",": ",": ",": ",": ",": ",": ",": ",": ","1981","11 "
"457","-44.0 ","-43.0 ","-35.4 ","-32.5 ","-52.5 ","-53.5 ",": ",": ","-18.2 ","-26.5 ",": ",": ",": ",": ",": ",": ",": ",": ",": ",": ",": ",": ",": ",": ","1981","10 "
"458",": ","-40.9 ",": ","-30.8 ",": ","-51.0 ",": ",": ",": ","-24.9 ",": ",": ",": ",": ",": ",": ",": ",": ",": ",": ",": ",": ",": ",": ","1981","09 "
"459",": ","-38.7 ",": ","-29.0 ",": ","-48.5 ",": ",": ",": ","-23.3 ",": ",": ",": ",": ",": ",": ",": ",": ",": ",": ",": ",": ",": ",": ","1981","08 "
"460","-34.4 ","-36.6 ","-26.2 ","-27.3 ","-42.7 ","-45.8 ",": ",": ","-13.9 ","-21.5 ",": ",": ",": ",": ",": ",": ",": ",": ",": ",": ",": ",": ",": ",": ","1981","07 "
"461",": ","-35.4 ",": ","-25.0 ",": ","-45.8 ",": ",": ",": ","-21.1 ",": ",": ",": ",": ",": ",": ",": ",": ",": ",": ",": ",": ",": ",": ","1981","06 "
"462",": ","-34.0 ",": ","-22.3 ",": ","-45.7 ",": ",": ",": ","-20.6 ",": ",": ",": ",": ",": ",": ",": ",": ",": ",": ",": ",": ",": ",": ","1981","05 "
"463","-29.8 ","-32.5 ","-12.9 ","-19.5 ","-46.7 ","-45.5 ",": ",": ","-33.6 ","-20.2 ",": ",": ",": ",": ",": ",": ",": ",": ",": ",": ",": ",": ",": ",": ","1981","04 "
"464",": ","-32.6 ",": ","-20.2 ",": ","-45.0 ",": ",": ",": ","-19.9 ",": ",": ",": ",": ",": ",": ",": ",": ",": ",": ",": ",": ",": ",": ","1981","03 "
"465",": ","-32.7 ",": ","-21.0 ",": ","-44.4 ",": ",": ",": ","-19.5 ",": ",": ",": ",": ",": ",": ",": ",": ",": ",": ",": ",": ",": ",": ","1981","02 "
"466","-37.1 ","-33.0 ","-26.8 ","-21.8 ","-47.5 ","-44.3 ",": ",": ","-23.3 ","-20.5 ",": ",": ",": ",": ",": ",": ",": ",": ",": ",": ",": ",": ",": ",": ","1981","01 "
"467",": ","-30.9 ",": ","-19.9 ",": ","-42.0 ",": ",": ",": ","-17.4 ",": ",": ",": ",": ",": ",": ",": ",": ",": ",": ",": ",": ",": ",": ","1980","12 "
"468",": ","-28.9 ",": ","-18.6 ",": ","-39.1 ",": ",": ",": ","-12.5 ",": ",": ",": ",": ",": ",": ",": ",": ",": ",": ",": ",": ",": ",": ","1980","11 "
"469","-28.0 ","-26.7 ","-20.9 ","-17.3 ","-35.2 ","-36.2 ",": ",": ","0.5 ","-7.6 ",": ",": ",": ",": ",": ",": ",": ",": ",": ",": ",": ",": ",": ",": ","1980","10 "
"470",": ","-25.2 ",": ","-15.8 ",": ","-34.7 ",": ",": ",": ","-5.7 ",": ",": ",": ",": ",": ",": ",": ",": ",": ",": ",": ",": ",": ",": ","1980","09 "
"471",": ","-23.7 ",": ","-14.2 ",": ","-33.1 ",": ",": ",": ","-3.8 ",": ",": ",": ",": ",": ",": ",": ",": ",": ",": ",": ",": ",": ",": ","1980","08 "
"472","-19.4 ","-22.0 ","-10.5 ","-12.6 ","-28.3 ","-31.5 ",": ",": ","5.7 ","-1.8 ",": ",": ",": ",": ",": ",": ",": ",": ",": ",": ",": ",": ",": ",": ","1980","07 "
"473",": ","-21.1 ",": ","-12.3 ",": ","-29.9 ",": ",": ",": ","0.6 ",": ",": ",": ",": ",": ",": ",": ",": ",": ",": ",": ",": ",": ",": ","1980","06 "
"474",": ","-20.1 ",": ","-12.0 ",": ","-28.3 ",": ",": ",": ","3.0 ",": ",": ",": ",": ",": ",": ",": ",": ",": ",": ",": ",": ",": ",": ","1980","05 "
"475","-16.4 ","-19.2 ","-4.9 ","-11.6 ","-27.8 ","-26.7 ",": ",": ","-7.9 ","5.5 ",": ",": ",": ",": ",": ",": ",": ",": ",": ",": ",": ",": ",": ",": ","1980","04 "
"476",": ","-18.6 ",": ","-10.6 ",": ","-26.6 ",": ",": ",": ","4.0 ",": ",": ",": ",": ",": ",": ",": ",": ",": ",": ",": ",": ",": ",": ","1980","03 "
"477",": ","-18.0 ",": ","-9.6 ",": ","-26.5 ",": ",": ",": ","2.4 ",": ",": ",": ",": ",": ",": ",": ",": ",": ",": ",": ",": ",": ",": ","1980","02 "
"478","-21.9 ","-17.8 ","-13.9 ","-8.9 ","-30.0 ","-26.8 ",": ",": ","-2.6 ","0.0 ",": ",": ",": ",": ",": ",": ",": ",": ",": ",": ",": ",": ",": ",": ","1980","01 "
