"","RT1-SCA_F_IS-IP","RT1-SCA_F_CC1_IS-IP","RT1-SCA_F_CC1_IS-PEI","RT1-SCA_F_CC11_IS-PEI","RT1-SCA_F_CC11_X_CC113_IS-PEI","RT1-SCA_F_CC2_IS-IP","RT12-CA_F_IS-IP","RT12-CA_F_CC1_IS-IP","RT12-CA_F_CC2_IS-IP","RT12-NSA_F_CC1_IS-PEI","RT12-NSA_F_CC11_IS-PEI","RT12-NSA_F_CC11_X_CC113_IS-PEI","YEAR","MONTH"
"1",": ",": ","4.8 s","2.4 s","0.3 s",": ",": ",": ",": ","-10.1 ","-6.8 ","-4.7 ","2019","09 "
"2","0.3 ","1.5 ","-20.3 s","-5.6 s","-6.5 s","-4.1 ","-0.9 ","0.2 ","-4.7 ","-7.4 ","-6.5 ","-4.7 ","2019","08 "
"3","-2.8 ","-3.7 ","15.8 s","3.2 s","6.7 s","0.7 ","-0.9 ","-1.5 ","1.2 ","15.0 ","5.4 ","7.3 ","2019","07 "
"4","0.9 ","1.3 ","-10.6 s","-0.9 s","-2.8 s","-0.5 ","2.0 ","2.1 ","1.6 ","1.5 ","-3.3 ","-4.8 ","2019","06 "
"5","2.1 ","2.3 ","6.2 s","-2.0 s","-1.7 s","0.8 ","4.4 ","3.5 ","7.8 ","15.7 ","-3.5 ","-1.8 ","2019","05 "
"6","-4.7 ","-4.9 ","5.2 s","3.2 s","3.1 s","-3.6 ","-2.0 ","-3.3 ","3.2 ","8.7 ","4.4 ","2.9 ","2019","04 "
"7","0.6 ","0.5 ","-5.8 s","7.2 s","3.5 s","1.2 ","7.7 ","6.8 ","11.6 ","-5.5 ","-5.2 ","-6.2 ","2019","03 "
"8","4.7 ","4.3 ","-3.6 s","-2.8 s","-1.5 s","6.3 ","4.9 ","3.5 ","12.1 ","1.3 ","-14.5 ","-14.7 ","2019","02 "
"9","-3.9 ","-3.6 ","10.7 s","-2.6 s","-0.6 s","-5.2 ","0.7 ","0.1 ","3.2 ","1.2 ","-5.3 ","-5.4 ","2019","01 "
"10","3.2 ","2.3 ","-4.4 s","-0.4 s","-1.7 s","7.6 ","-0.3 ","-1.3 ","4.2 ","-6.9 ","-13.4 ","-14.4 ","2018","12 "
"11","1.2 ","2.7 ","1.7 s","-4.3 s","-6.6 s","-5.0 ","0.3 ","1.1 ","-2.9 ","-2.3 ","-2.2 ","-2.4 ","2018","11 "
"12","-4.4 ","-5.3 ","-5.7 s","-6.8 s","0.5 s","-0.6 ","-1.5 ","-2.5 ","2.3 ","-5.1 ","2.0 ","5.2 ","2018","10 "
"13","3.0 ","3.8 ","10.1 s","9.7 s","7.4 s","0.1 ","4.1 ","3.9 ","5.0 ","-3.1 ","-8.5 ","-8.4 ","2018","09 "
"14","-0.1 ","-0.2 ","-0.4 s","-0.3 s","-0.3 s","-0.2 ","0.2 ","-1.1 ","4.9 ","-19.4 ","-7.5 ","-11.4 ","2018","08 "
"15","-0.1 ","-0.5 ","0.7 s","1.1 s","-1.0 s","1.6 ","-0.5 ","-1.8 ","4.9 ","-6.0 ","-10.3 ","-11.4 ","2018","07 "
"16","3.4 ","2.9 ","0.8 s","-4.3 s","-2.4 s","5.6 ","1.7 ","1.4 ","3.2 ","-6.9 ","-11.9 ","-11.4 ","2018","06 "
"17","-4.3 ","-4.5 ","-0.1 s","2.5 s","0.0 s","-3.4 ","-4.6 ","-4.5 ","-4.5 ","-11.5 ","-6.3 ","-7.9 ","2018","05 "
"18","4.8 ","4.9 ","-8.0 s","0.3 s","-0.6 s","4.7 ","0.2 ","0.4 ","-0.1 ","-1.2 ","1.3 ","1.7 ","2018","04 "
"19","-2.3 ","-3.0 ","1.0 s","-6.5 s","-6.9 s","0.6 ","-3.0 ","-2.6 ","-4.3 ","-4.6 ","-13.4 ","-11.3 ","2018","03 "
"20","0.8 ","1.5 ","-3.9 s","7.6 s","8.1 s","-2.0 ","-1.0 ","0.2 ","-7.0 ","9.4 ","7.1 ","8.8 ","2018","02 "
"21","-5.4 ","-5.5 ","2.3 s","-11.0 s","-10.8 s","-4.9 ","-0.5 ","-0.7 ","1.1 ","11.5 ","1.5 ","1.1 ","2018","01 "
"22","4.2 ","5.1 ","0.4 s","12.8 s","13.0 s","0.8 ","6.9 ","7.1 ","4.6 ","0.3 ","0.8 ","2.1 ","2017","12 "
"23","-0.4 ","-0.7 ","-1.9 s","-3.6 s","-2.2 s","0.8 ","0.0 ","-0.3 ","0.7 ","1.0 ","-9.0 ","-9.2 ","2017","11 "
"24","0.9 ","0.6 ","-3.4 s","-10.9 s","-8.8 s","2.0 ","0.6 ","0.7 ","0.5 ","10.2 ","4.9 ","3.6 ","2017","10 "
"25","-1.2 ","-1.1 ","-6.4 s","7.7 s","3.7 s","-1.2 ","0.9 ","2.4 ","-3.5 ","2.4 ","0.2 ","-1.0 ","2017","09 "
"26","-0.2 ","-0.5 ","12.8 s","-6.6 s","-5.9 s","0.6 ","0.3 ","1.5 ","-1.7 ","11.6 ","4.8 ","5.6 ","2017","08 "
"27","1.6 ","2.0 ","0.4 s","6.2 s","5.4 s","0.3 ","2.8 ","3.5 ","0.7 ","19.1 ","15.9 ","18.0 ","2017","07 "
"28","-2.6 ","-2.7 ","-3.3 s","-1.6 s","-0.3 s","-2.2 ","2.9 ","3.9 ","-0.6 ","6.6 ","9.6 ","9.4 ","2017","06 "
"29","0.4 ","0.2 ","11.2 s","7.4 s","7.0 s","1.0 ","4.8 ","5.4 ","1.5 ","15.0 ","10.2 ","11.1 ","2017","05 "
"30","1.4 ","1.7 ","-11.5 s","-8.5 s","-9.0 s","0.0 ","6.5 ","7.9 ","1.4 ","-8.4 ","-1.8 ","0.2 ","2017","04 "
"31","-0.9 ","-0.7 ","15.0 s","12.0 s","11.4 s","-1.6 ","6.0 ","6.7 ","2.9 ","22.5 ","26.1 ","24.7 ","2017","03 "
"32","2.6 ","1.8 ","-2.1 s","-1.2 s","-1.4 s","6.3 ","7.4 ","7.1 ","7.0 ","-2.2 ","5.5 ","4.4 ","2017","02 "
"33","0.5 ","1.2 ","-7.0 s","-5.9 s","-5.3 s","-3.2 ","-4.0 ","-3.7 ","-8.7 ","5.3 ","15.0 ","15.7 ","2017","01 "
"34","-2.1 ","-2.1 ","0.9 s","-1.4 s","-0.8 s","-1.9 ","2.5 ","1.3 ","7.7 ","11.2 ","11.3 ","12.7 ","2016","12 "
"35","0.6 ","0.7 ","8.2 s","7.4 s","7.4 s","0.6 ","1.8 ","0.5 ","6.3 ","7.7 ","13.8 ","15.6 ","2016","11 "
"36","1.0 ","2.0 ","-11.1 s","-9.3 s","-8.7 s","-2.6 ","1.7 ","0.8 ","4.9 ","4.4 ","9.1 ","7.0 ","2016","10 "
"37","-1.0 ","-1.9 ","1.1 s","9.3 s","8.0 s","2.0 ","0.7 ","-2.2 ","11.0 ","18.1 ","25.4 ","25.0 ","2016","09 "
"38","1.7 ","1.7 ","23.9 s","3.1 s","7.4 s","1.7 ","6.9 ","5.7 ","10.3 ","24.0 ","16.9 ","15.9 ","2016","08 "
"39","1.3 ","2.0 ","-11.3 s","0.4 s","-3.1 s","-0.6 ","0.4 ","-1.8 ","8.2 ","-3.7 ","7.0 ","7.0 ","2016","07 "
"40","-0.7 ","-1.0 ","2.8 s","-4.3 s","-2.9 s","0.3 ","-1.6 ","-4.0 ","6.8 ","-2.3 ","6.3 ","7.9 ","2016","06 "
"41","2.1 ","2.4 ","-9.8 s","2.2 s","2.6 s","0.9 ","-2.4 ","-3.1 ","-0.2 ","14.9 ","32.4 ","30.0 ","2016","05 "
"42","0.9 ","0.6 ","18.2 s","13.7 s","12.0 s","1.7 ","-3.0 ","-5.2 ","5.0 ","15.4 ","12.6 ","10.3 ","2016","04 "
"43","-0.5 ","-1.2 ","-8.9 s","-5.2 s","-7.9 s","2.1 ","-6.0 ","-8.1 ","1.7 ","3.3 ","6.0 ","5.8 ","2016","03 "
"44","-7.2 ","-7.2 ","4.5 s","3.4 s","4.8 s","-7.1 ","-1.8 ","-1.9 ","-0.9 ","13.1 ","19.4 ","17.4 ","2016","02 "
"45","6.4 ","5.6 ","-1.2 s","-3.1 s","-1.2 s","9.4 ","1.7 ","1.7 ","1.4 ","18.0 ","4.4 ","4.0 ","2016","01 "
"46","-2.5 ","-2.8 ","-3.0 s","-5.4 s","-5.6 s","-1.2 ","-1.6 ","-1.8 ","-0.7 ","8.1 ","15.6 ","16.3 ","2015","12 "
"47","0.9 ","1.3 ","6.3 s","10.0 s","7.0 s","-0.5 ","2.7 ","2.9 ","2.0 ","29.1 ","29.5 ","25.3 ","2015","11 "
"48","0.0 ","-1.1 ","1.4 s","0.4 s","5.8 s","3.5 ","-0.6 ","-1.1 ","0.9 ","9.6 ","8.1 ","11.3 ","2015","10 "
"49","4.0 ","5.8 ","2.8 s","-4.1 s","-9.3 s","-2.1 ","-0.6 ","0.3 ","-3.7 ","2.8 ","7.8 ","6.8 ","2015","09 "
"50","-3.4 ","-5.1 ","-2.4 s","7.4 s","14.9 s","2.7 ","-4.6 ","-4.6 ","-4.9 ","6.9 ","16.4 ","20.5 ","2015","08 "
"51","-0.9 ","-0.7 ","-9.6 s","-6.4 s","-8.0 s","-1.1 ","-2.6 ","-1.7 ","-5.7 ","-3.2 ","0.3 ","-1.4 ","2015","07 "
"52","-1.4 ","0.2 ","19.5 s","15.2 s","9.8 s","-7.0 ","-2.4 ","-1.4 ","-5.6 ","7.2 ","10.5 ","10.3 ","2015","06 "
"53","1.3 ","0.0 ","-9.5 s","-7.2 s","-6.0 s","5.9 ","0.3 ","-0.6 ","4.2 ","1.5 ","-5.9 ","-3.3 ","2015","05 "
"54","-2.0 ","-2.1 ","7.3 s","0.4 s","2.3 s","-1.0 ","-3.2 ","-2.5 ","-5.6 ","5.1 ","10.3 ","10.1 ","2015","04 "
"55","3.2 ","4.4 ","-1.3 s","9.3 s","2.7 s","-0.7 ","-2.8 ","-1.9 ","-6.4 ","-17.4 ","-9.6 ","-7.7 ","2015","03 "
"56","-2.8 ","-2.3 ","8.4 s","-5.5 s","-1.9 s","-4.9 ","-5.4 ","-5.4 ","-5.2 ","-7.4 ","-9.2 ","-8.3 ","2015","02 "
"57","2.2 ","1.0 ","-8.2 s","3.5 s","7.9 s","6.4 ","-4.1 ","-4.6 ","-2.0 ","-13.8 ","-5.7 ","-5.3 ","2015","01 "
"58","1.8 ","1.9 ","13.0 s","2.6 s","-5.9 s","1.5 ","-6.1 ","-5.5 ","-8.5 ","-9.2 ","-4.3 ","-5.7 ","2014","12 "
"59","-2.4 ","-2.6 ","-6.4 s","-2.0 s","5.9 s","-1.7 ","-6.1 ","-5.6 ","-7.2 ","-17.6 ","-13.4 ","-12.3 ","2014","11 "
"60","0.1 ","0.6 ","-6.1 s","-3.5 s","-2.4 s","-1.6 ","-4.6 ","-4.5 ","-4.9 ","-17.0 ","-13.5 ","-14.6 ","2014","10 "
"61","-0.3 ","0.1 ","6.1 s","3.9 s","-1.4 s","-1.6 ","-5.8 ","-6.4 ","-3.9 ","-7.4 ","0.3 ","0.1 ","2014","09 "
"62","-1.7 ","-2.2 ","-11.2 s","-7.6 s","-2.8 s","-0.3 ","-4.9 ","-5.9 ","-1.7 ","-8.0 ","-5.6 ","-8.5 ","2014","08 "
"63","-0.5 ","-0.4 ","1.2 s","-0.1 s","1.1 s","-0.8 ","-3.9 ","-3.8 ","-4.2 ","-7.1 ","2.5 ","1.6 ","2014","07 "
"64","1.8 ","1.3 ","12.5 s","4.9 s","1.8 s","3.8 ","-3.2 ","-3.7 ","-1.7 ","-2.0 ","0.7 ","0.8 ","2014","06 "
"65","-2.8 ","-2.2 ","-6.7 s","5.3 s","2.9 s","-4.9 ","-4.1 ","-4.2 ","-4.2 ","-16.8 ","-1.4 ","-2.7 ","2014","05 "
"66","-1.0 ","-1.0 ","-16.1 s","-20.3 s","-16.7 s","-0.8 ","-1.3 ","-2.1 ","0.9 ","-13.9 ","-14.5 ","-14.1 ","2014","04 "
"67","0.1 ","-0.2 ","12.5 s","13.7 s","6.4 s","0.9 ","1.6 ","0.8 ","4.8 ","-2.1 ","-14.0 ","-16.0 ","2014","03 "
"68","-0.7 ","-0.3 ","1.6 s","1.3 s","4.8 s","-1.6 ","1.5 ","1.6 ","1.3 ","-24.9 ","-40.1 ","-41.2 ","2014","02 "
"69","-0.6 ","-0.7 ","-4.6 s","-2.0 s","-1.2 s","-0.4 ","5.0 ","4.8 ","6.3 ","-26.0 ","-32.1 ","-32.9 ","2014","01 "
"70","1.3 ","1.4 ","4.5 s","-0.6 s","-4.1 s","0.8 ","0.2 ","0.2 ","0.6 ","-3.6 ","-16.5 ","-19.0 ","2013","12 "
"71","-0.9 ","-1.2 ","-9.2 s","-5.3 s","-3.1 s","0.4 ","0.4 ","0.1 ","1.7 ","-18.0 ","-15.8 ","-15.6 ","2013","11 "
"72","-0.7 ","-1.0 ","5.4 s","7.7 s","11.1 s","0.3 ","2.2 ","2.0 ","2.5 ","-9.7 ","-11.6 ","-10.5 ","2013","10 "
"73","0.1 ","-0.1 ","7.7 s","4.9 s","-1.7 s","1.0 ","2.6 ","2.7 ","2.1 ","-12.7 ","-18.3 ","-18.9 ","2013","09 "
"74","-0.6 ","0.3 ","-12.0 s","-3.0 s","3.3 s","-3.4 ","0.0 ","-0.2 ","-0.8 ","-23.7 ","-33.0 ","-28.8 ","2013","08 "
"75","0.7 ","0.1 ","7.5 s","-5.1 s","-3.2 s","2.6 ","2.4 ","1.9 ","4.2 ","-9.7 ","-22.2 ","-21.4 ","2013","07 "
"76","1.0 ","0.9 ","-2.9 s","9.8 s","5.3 s","1.2 ","1.7 ","2.1 ","0.0 ","-14.8 ","-22.7 ","-24.3 ","2013","06 "
"77","-0.3 ","-0.2 ","-3.3 s","-11.5 s","-11.6 s","-0.3 ","-0.4 ","-0.1 ","-1.3 ","-12.9 ","-24.9 ","-25.9 ","2013","05 "
"78","2.7 ","2.2 ","-6.3 s","-20.1 s","-19.9 s","4.4 ","0.5 ","0.2 ","1.9 ","-11.3 ","-21.2 ","-21.4 ","2013","04 "
"79","-0.7 ","0.0 ","-11.7 s","-20.5 s","-22.1 s","-3.4 ","-3.2 ","-2.3 ","-7.3 ","-5.0 ","-1.3 ","1.4 ","2013","03 "
"80","3.0 ","3.3 ","0.1 s","14.8 s","16.5 s","2.1 ","8.4 ","6.6 ","17.4 ","3.9 ","27.9 ","32.5 ","2013","02 "
"81","-5.8 ","-5.6 ","21.6 s","16.3 s","13.6 s","-7.2 ","-8.4 ","-8.0 ","-9.7 ","4.1 ","6.8 ","7.8 ","2013","01 "
"82","1.5 ","0.9 ","-9.5 s","7.0 s","8.6 s","4.9 ","1.2 ","0.3 ","5.6 ","-17.4 ","-14.4 ","-13.5 ","2012","12 "
"83","1.0 ","0.8 ","-2.7 s","-3.6 s","-2.9 s","1.6 ","-3.8 ","-3.9 ","-3.9 ","-1.6 ","-13.0 ","-14.8 ","2012","11 "
"84","0.2 ","0.3 ","1.4 s","-4.1 s","-3.1 s","-0.2 ","-3.4 ","-3.5 ","-3.0 ","-5.9 ","-1.7 ","-1.9 ","2012","10 "
"85","-3.1 ","-3.3 ","-2.3 s","-7.7 s","-2.8 s","-2.6 ","-4.7 ","-4.7 ","-5.0 ","-6.8 ","-18.5 ","-18.9 ","2012","09 "
"86","2.2 ","2.2 ","0.4 s","5.2 s","-0.7 s","2.3 ","-3.2 ","-3.0 ","-3.7 ","-5.9 ","-2.8 ","-9.2 ","2012","08 "
"87","0.5 ","0.9 ","1.4 s","0.8 s","1.0 s","-1.3 ","-3.2 ","-3.3 ","-3.0 ","-5.0 ","-7.1 ","-6.9 ","2012","07 "
"88","-0.3 ","-0.2 ","1.7 s","3.5 s","3.3 s","-0.5 ","-2.9 ","-3.5 ","-0.7 ","2.1 ","-6.8 ","-7.1 ","2012","06 "
"89","0.2 ","-0.5 ","-1.4 s","-10.3 s","-8.5 s","3.2 ","-7.3 ","-6.8 ","-9.2 ","-12.0 ","-18.6 ","-18.1 ","2012","05 "
"90","-1.0 ","0.2 ","-1.3 s","6.4 s","6.9 s","-5.9 ","-5.1 ","-4.2 ","-9.1 ","-7.7 ","3.1 ","4.0 ","2012","04 "
"91","10.9 ","8.5 ","-3.3 s","1.0 s","-1.7 s","21.7 ","-5.3 ","-5.4 ","-4.7 ","-3.0 ","-1.0 ","-4.3 ","2012","03 "
"92","-13.0 ","-11.3 ","0.3 s","-7.8 s","-6.3 s","-20.0 ","-16.3 ","-14.2 ","-24.8 ","9.0 ","1.3 ","-1.7 ","2012","02 "
"93","3.3 ","2.8 ","-3.0 s","-0.7 s","-5.0 s","5.3 ","-5.5 ","-4.4 ","-10.0 ","-2.0 ","0.0 ","-0.3 ","2012","01 "
"94","-3.3 ","-3.3 ","7.9 s","5.5 s","6.8 s","-3.1 ","6.1 ","5.4 ","9.1 ","3.4 ","6.8 ","7.6 ","2011","12 "
"95","1.8 ","1.5 ","-7.6 s","1.9 s","4.8 s","3.0 ","-1.9 ","-1.9 ","-1.1 ","1.7 ","11.7 ","12.5 ","2011","11 "
"96","-1.2 ","-1.1 ","0.3 s","-9.7 s","-13.3 s","-2.0 ","-5.4 ","-5.3 ","-6.4 ","8.2 ","3.9 ","2.5 ","2011","10 "
"97","-2.0 ","-2.0 ","0.1 s","3.6 s","6.7 s","-1.5 ","-3.8 ","-3.4 ","-5.0 ","8.8 ","14.2 ","14.2 ","2011","09 "
"98","2.2 ","2.1 ","0.0 s","-2.8 s","-2.1 s","2.7 ","0.0 ","0.0 ","-0.1 ","10.9 ","11.1 ","12.4 ","2011","08 "
"99","1.0 ","0.7 ","9.9 s","8.0 s","5.9 s","1.7 ","-3.4 ","-2.6 ","-6.7 ","1.0 ","0.6 ","2.1 ","2011","07 "
"100","-4.4 ","-3.2 ","-11.8 s","-15.1 s","-12.0 s","-9.3 ","-6.1 ","-5.5 ","-8.6 ","-3.0 ","1.1 ","0.6 ","2011","06 "
"101","2.1 ","2.0 ","3.4 s","17.3 s","17.4 s","2.7 ","-2.1 ","-2.4 ","-1.5 ","15.6 ","20.3 ","19.5 ","2011","05 "
"102","-0.8 ","-0.9 ","2.4 s","4.9 s","0.7 s","-0.8 ","-3.8 ","-4.0 ","-2.9 ","5.3 ","-0.4 ","2.4 ","2011","04 "
"103","-2.3 ","-2.0 ","8.0 s","-0.9 s","-1.5 s","-3.1 ","-3.1 ","-3.2 ","-2.5 ","0.6 ","-2.8 ","-2.2 ","2011","03 "
"104","-1.6 ","-1.1 ","-9.1 s","-10.9 s","-6.8 s","-3.9 ","3.2 ","2.0 ","8.6 ","10.0 ","5.3 ","6.1 ","2011","02 "
"105","15.1 ","13.3 ","2.6 s","13.1 s","7.6 s","22.8 ","4.5 ","3.2 ","11.1 ","18.5 ","25.1 ","27.6 ","2011","01 "
"106","-10.0 ","-9.9 ","6.1 s","7.1 s","8.0 s","-10.0 ","-9.9 ","-8.7 ","-15.1 ","19.8 ","17.5 ","20.3 ","2010","12 "
"107","-1.9 ","-1.8 ","-1.1 s","-5.1 s","-3.1 s","-2.6 ","-3.7 ","-4.0 ","-2.7 ","2.5 ","8.5 ","11.3 ","2010","11 "
"108","0.5 ","0.7 ","0.3 s","-1.4 s","-3.4 s","-0.4 ","-0.5 ","-0.1 ","-2.5 ","1.8 ","8.8 ","7.4 ","2010","10 "
"109","1.6 ","1.3 ","1.3 s","-2.0 s","0.5 s","2.7 ","-1.4 ","-1.2 ","-1.9 ","6.3 ","20.7 ","21.7 ","2010","09 "
"110","-1.2 ","-0.6 ","-8.6 s","-6.3 s","-5.5 s","-3.7 ","0.7 ","2.0 ","-3.5 ","8.0 ","25.5 ","26.6 ","2010","08 "
"111","-1.8 ","-2.1 ","5.7 s","5.2 s","2.1 s","-0.8 ","-2.4 ","-2.8 ","-0.7 ","16.2 ","27.3 ","26.1 ","2010","07 "
"112","0.3 ","0.6 ","4.9 s","-2.0 s","1.1 s","-1.2 ","-0.1 ","-0.2 ","0.2 ","18.8 ","34.0 ","36.4 ","2010","06 "
"113","0.0 ","-0.2 ","-5.9 s","3.7 s","6.3 s","0.6 ","-0.6 ","-1.0 ","1.2 ","0.2 ","34.8 ","39.4 ","2010","05 "
"114","-0.1 ","-0.1 ","-2.2 s","-1.3 s","-6.1 s","0.0 ","-1.2 ","-1.7 ","0.6 ","18.3 ","26.7 ","23.0 ","2010","04 "
"115","3.9 ","3.2 ","17.1 s","7.4 s","6.6 s","7.4 ","-2.9 ","-3.2 ","-1.3 ","17.1 ","37.1 ","39.3 ","2010","03 "
"116","-0.5 ","0.2 ","-2.5 s","6.0 s","10.1 s","-3.3 ","-5.1 ","-4.6 ","-7.1 ","-5.2 ","29.2 ","33.0 ","2010","02 "
"117","0.2 ","0.4 ","5.5 s","6.2 s","4.5 s","-0.8 ","-2.7 ","-2.1 ","-5.7 ","-7.3 ","4.2 ","5.0 ","2010","01 "
"118","-4.7 ","-5.5 ","-9.2 s","-3.8 s","-4.2 s","-0.7 ","-6.9 ","-7.3 ","-5.7 ","-10.7 ","5.6 ","3.4 ","2009","12 "
"119","1.6 ","2.4 ","-1.8 s","1.5 s","0.3 s","-1.7 ","-1.7 ","-0.8 ","-5.1 ","-2.0 ","3.8 ","4.1 ","2009","11 "
"120","-0.5 ","-0.8 ","4.8 s","5.3 s","6.9 s","0.3 ","-4.5 ","-4.1 ","-5.7 ","-8.2 ","-12.9 ","-12.7 ","2009","10 "
"121","4.0 ","4.8 ","2.5 s","-1.0 s","-3.1 s","1.0 ","-4.2 ","-3.5 ","-7.2 ","-5.6 ","-11.1 ","-10.8 ","2009","09 "
"122","-4.5 ","-5.4 ","0.1 s","1.2 s","6.6 s","-1.0 ","-8.1 ","-7.4 ","-10.8 ","-11.6 ","-16.3 ","-16.9 ","2009","08 "
"123","0.9 ","1.0 ","8.6 s","7.4 s","7.8 s","0.3 ","-5.4 ","-3.7 ","-11.3 ","-15.1 ","-15.4 ","-15.9 ","2009","07 "
"124","-0.3 ","-0.3 ","-12.8 s","-1.4 s","-3.5 s","-0.3 ","-6.9 ","-6.2 ","-9.7 ","-23.2 ","-23.8 ","-23.1 ","2009","06 "
"125","-0.9 ","-0.9 ","9.2 s","-2.4 s","-4.2 s","-0.7 ","-4.0 ","-2.5 ","-9.5 ","-15.6 ","-32.4 ","-33.3 ","2009","05 "
"126","-1.8 ","-1.8 ","-1.7 s","2.9 s","6.5 s","-1.9 ","-6.2 ","-4.9 ","-11.0 ","-20.7 ","-30.3 ","-31.4 ","2009","04 "
"127","1.5 ","1.5 ","-4.9 s","4.8 s","0.3 s","1.6 ","-4.4 ","-3.3 ","-8.9 ","-16.7 ","-33.3 ","-34.4 ","2009","03 "
"128","2.2 ","2.9 ","-4.8 s","-11.8 s","-9.1 s","-1.1 ","-7.9 ","-5.9 ","-16.2 ","-21.7 ","-40.4 ","-42.0 ","2009","02 "
"129","-3.7 ","-4.4 ","1.5 s","4.6 s","0.8 s","-0.4 ","-9.9 ","-8.7 ","-15.3 ","-14.9 ","-32.6 ","-34.4 ","2009","01 "
"130","0.3 ","0.6 ","0.1 s","-8.3 s","-6.5 s","-1.3 ","-7.7 ","-5.2 ","-17.4 ","-7.0 ","-26.8 ","-25.8 ","2008","12 "
"131","-1.5 ","-1.2 ","-9.3 s","-9.2 s","-11.4 s","-2.9 ","-6.2 ","-4.7 ","-11.5 ","-12.2 ","-24.2 ","-26.0 ","2008","11 "
"132","-0.4 ","-0.2 ","7.9 s","3.4 s","5.0 s","-1.4 ","-3.7 ","-2.4 ","-8.6 ","-12.3 ","-22.8 ","-22.5 ","2008","10 "
"133","1.0 ","1.1 ","-2.4 s","-6.4 s","-5.5 s","0.6 ","-2.7 ","-2.2 ","-4.4 ","-14.9 ","-22.3 ","-22.8 ","2008","09 "
"134","-2.7 ","-2.1 ","-6.9 s","2.0 s","1.5 s","-5.2 ","-6.5 ","-4.9 ","-11.2 ","-21.0 ","-29.0 ","-30.2 ","2008","08 "
"135","-0.7 ","-1.3 ","-1.6 s","-6.1 s","-3.2 s","1.6 ","-1.4 ","-1.3 ","-1.9 ","-10.8 ","-23.5 ","-24.4 ","2008","07 "
"136","3.2 ","3.7 ","-1.6 s","-6.7 s","-7.0 s","1.2 ","0.1 ","0.9 ","-3.0 ","-6.1 ","-21.0 ","-24.0 ","2008","06 "
"137","-3.3 ","-3.4 ","3.8 s","-2.6 s","-5.0 s","-3.0 ","-4.2 ","-4.1 ","-4.1 ","-8.1 ","-17.2 ","-17.8 ","2008","05 "
"138","-0.3 ","-0.5 ","0.4 s","-5.1 s","-4.0 s","0.2 ","0.0 ","-0.2 ","0.4 ","-5.1 ","-7.6 ","-7.3 ","2008","04 "
"139","-2.0 ","-1.1 ","-8.1 s","-2.0 s","-2.9 s","-5.1 ","1.2 ","1.7 ","-1.1 ","-19.0 ","-16.2 ","-16.1 ","2008","03 "
"140","0.5 ","0.0 ","2.5 s","1.9 s","1.9 s","2.3 ","1.6 ","1.3 ","2.9 ","0.4 ","-7.4 ","-6.9 ","2008","02 "
"141","-0.9 ","-0.5 ","10.2 s","3.3 s","3.2 s","-2.1 ","4.8 ","4.3 ","7.9 ","0.3 ","-2.0 ","-2.5 ","2008","01 "
"142","1.0 ","0.9 ","-4.7 s","8.6 s","8.5 s","1.5 ","-0.6 ","-1.0 ","1.0 ","-14.9 ","-10.6 ","-12.2 ","2007","12 "
"143","0.7 ","1.1 ","-11.6 s","-13.6 s","-16.8 s","-0.7 ","3.7 ","3.7 ","3.8 ","-13.4 ","-23.6 ","-24.8 ","2007","11 "
"144","0.6 ","-0.2 ","4.9 s","-3.0 s","0.0 s","4.1 ","3.6 ","2.7 ","6.9 ","1.0 ","-5.3 ","-5.8 ","2007","10 "
"145","-1.7 ","-1.3 ","-6.9 s","-2.2 s","-1.2 s","-3.2 ","4.8 ","5.0 ","4.1 ","2.0 ","1.1 ","0.2 ","2007","09 "
"146","1.4 ","1.5 ","2.0 s","-0.4 s","-4.4 s","1.6 ","6.7 ","4.4 ","13.7 ","6.8 ","0.3 ","2.2 ","2007","08 "
"147","1.0 ","1.2 ","4.8 s","0.4 s","1.5 s","0.1 ","5.3 ","5.0 ","6.8 ","6.2 ","4.6 ","4.6 ","2007","07 "
"148","-1.3 ","-1.7 ","-3.2 s","0.9 s","4.9 s","0.4 ","3.4 ","2.5 ","6.8 ","-6.8 ","-5.9 ","-5.0 ","2007","06 "
"149","1.0 ","0.9 ","7.3 s","1.9 s","2.5 s","1.2 ","5.4 ","5.2 ","6.3 ","5.5 ","-2.2 ","-2.8 ","2007","05 "
"150","0.3 ","0.8 ","-15.3 s","-8.5 s","-10.5 s","-1.6 ","5.5 ","4.9 ","7.9 ","-2.1 ","-5.3 ","-5.5 ","2007","04 "
"151","-1.2 ","-1.3 ","14.7 s","4.1 s","6.2 s","-1.0 ","5.6 ","4.2 ","11.3 ","6.5 ","2.6 ","0.4 ","2007","03 "
"152","3.7 ","3.0 ","2.2 s","8.8 s","6.8 s","6.4 ","7.9 ","6.3 ","14.5 ","-3.6 ","0.4 ","-0.1 ","2007","02 "
"153","-5.7 ","-5.2 ","-6.0 s","-5.5 s","-7.0 s","-7.4 ","1.8 ","0.9 ","6.2 ","-1.3 ","-6.0 ","-5.7 ","2007","01 "
"154","5.3 ","5.5 ","-2.3 s","-6.9 s","-4.9 s","4.9 ","9.8 ","8.1 ","17.5 ","3.5 ","-5.4 ","-6.9 ","2006","12 "
"155","0.3 ","-0.3 ","1.9 s","3.3 s","-0.1 s","2.5 ","2.4 ","1.2 ","7.1 ","6.2 ","8.2 ","8.7 ","2006","11 "
"156","1.9 ","2.1 ","6.1 s","10.0 s","10.2 s","0.9 ","3.5 ","2.9 ","5.7 ","14.1 ","13.7 ","13.3 ","2006","10 "
"157","-0.8 ","-1.5 ","-2.6 s","-5.9 s","-1.1 s","2.3 ","0.9 ","-0.1 ","4.5 ","-3.0 ","-3.7 ","-3.5 ","2006","09 "
"158","1.1 ","1.7 ","1.7 s","0.4 s","-3.6 s","-1.0 ","0.3 ","0.6 ","-0.2 ","3.3 ","6.2 ","4.6 ","2006","08 "
"159","-0.8 ","-1.0 ","-8.3 s","-3.4 s","-4.6 s","0.2 ","0.2 ","-0.3 ","1.9 ","9.0 ","7.4 ","7.8 ","2006","07 "
"160","0.3 ","0.6 ","9.7 s","1.6 s","5.4 s","-0.6 ","1.9 ","1.6 ","3.1 ","5.9 ","4.2 ","3.0 ","2006","06 "
"161","1.2 ","0.9 ","0.0 s","-4.5 s","-1.8 s","2.5 ","2.0 ","1.3 ","4.5 ","4.7 ","12.7 ","11.5 ","2006","05 "
"162","0.2 ","-0.3 ","-8.4 s","5.2 s","-2.2 s","1.8 ","0.9 ","0.8 ","1.8 ","5.8 ","8.3 ","8.1 ","2006","04 "
"163","1.0 ","1.0 ","4.4 s","-1.1 s","4.2 s","0.8 ","4.1 ","3.9 ","4.8 ","19.8 ","18.4 ","19.8 ","2006","03 "
"164","-2.0 ","-2.1 ","4.3 s","-1.3 s","-1.0 s","-1.1 ","3.2 ","3.5 ","2.7 ","14.2 ","14.4 ","12.7 ","2006","02 "
"165","1.5 ","1.8 ","-1.0 s","1.9 s","-4.8 s","0.4 ","0.6 ","1.5 ","-3.7 ","11.9 ","10.3 ","10.3 ","2006","01 "
"166","-1.4 ","-1.5 ","-0.1 s","3.3 s","9.4 s","-1.2 ","4.9 ","5.2 ","2.9 ","11.9 ","13.6 ","14.3 ","2005","12 "
"167","1.4 ","1.4 ","10.2 s","4.7 s","2.9 s","1.2 ","3.3 ","3.4 ","2.9 ","15.7 ","9.1 ","9.7 ","2005","11 "
"168","-0.9 ","-0.9 ","-10.6 s","-0.8 s","-3.4 s","-0.4 ","2.6 ","2.7 ","2.8 ","5.9 ","1.9 ","3.3 ","2005","10 "
"169","-1.3 ","-1.0 ","3.8 s","0.6 s","5.0 s","-2.3 ","3.4 ","3.6 ","2.5 ","14.0 ","8.7 ","8.2 ","2005","09 "
"170","0.8 ","0.9 ","7.7 s","1.4 s","0.0 s","1.0 ","8.8 ","8.3 ","10.3 ","9.6 ","5.9 ","6.0 ","2005","08 "
"171","1.2 ","1.1 ","-10.7 s","-6.2 s","-9.0 s","1.4 ","5.4 ","5.5 ","4.8 ","10.1 ","7.8 ","6.1 ","2005","07 "
"172","0.1 ","-0.1 ","7.8 s","6.4 s","11.2 s","0.5 ","3.5 ","3.8 ","2.2 ","11.0 ","13.7 ","14.2 ","2005","06 "
"173","0.4 ","0.6 ","0.9 s","-2.1 s","-1.1 s","-0.1 ","3.6 ","4.1 ","1.8 ","10.9 ","8.9 ","9.2 ","2005","05 "
"174","3.2 ","2.9 ","3.6 s","10.8 s","7.0 s","4.6 ","2.9 ","2.9 ","2.9 ","8.2 ","9.6 ","8.7 ","2005","04 "
"175","0.1 ","0.5 ","-1.2 s","-4.1 s","-2.8 s","-1.5 ","-1.5 ","-1.2 ","-2.8 ","12.6 ","7.5 ","6.3 ","2005","03 "
"176","-4.3 ","-3.9 ","2.1 s","-7.9 s","-4.9 s","-6.1 ","-2.1 ","-2.4 ","-1.0 ","11.3 ","6.7 ","8.0 ","2005","02 "
"177","5.7 ","5.6 ","0.8 s","12.3 s","3.3 s","6.3 ","4.4 ","3.8 ","7.5 ","2.3 ","14.1 ","13.4 ","2005","01 "
"178","-2.8 ","-3.3 ","2.2 s","-3.7 s","3.0 s","-0.9 ","-1.6 ","-2.1 ","0.6 ","10.2 ","17.1 ","16.0 ","2004","12 "
"179","0.6 ","0.4 ","1.7 s","-2.4 s","-2.8 s","1.2 ","2.8 ","2.9 ","2.4 ","2.7 ","16.0 ","13.9 ","2004","11 "
"180","0.0 ","0.3 ","-3.6 s","5.4 s","1.2 s","-0.9 ","1.0 ","1.1 ","0.0 ","3.7 ","12.1 ","10.0 ","2004","10 "
"181","3.0 ","3.0 ","-0.9 s","-4.8 s","-0.1 s","3.1 ","1.4 ","1.5 ","0.9 ","3.3 ","11.3 ","11.3 ","2004","09 "
"182","-1.6 ","-1.5 ","9.0 s","10.0 s","5.3 s","-1.9 ","-0.9 ","-0.5 ","-2.2 ","11.5 ","25.3 ","25.0 ","2004","08 "
"183","-0.7 ","-0.6 ","-9.6 s","-4.0 s","-3.6 s","-1.3 ","-0.2 ","-0.4 ","0.8 ","1.1 ","5.7 ","5.7 ","2004","07 "
"184","0.0 ","0.1 ","6.6 s","-1.4 s","2.6 s","-0.3 ","0.4 ","-0.4 ","3.6 ","11.7 ","25.9 ","24.9 ","2004","06 "
"185","0.2 ","-0.1 ","-1.6 s","5.1 s","2.9 s","1.2 ","2.9 ","1.8 ","7.7 ","8.7 ","18.9 ","18.4 ","2004","05 "
"186","-1.4 ","-1.4 ","7.6 s","4.9 s","2.4 s","-1.4 ","0.5 ","0.3 ","1.4 ","5.8 ","13.3 ","13.0 ","2004","04 "
"187","-0.3 ","-0.6 ","-2.6 s","-6.9 s","-2.9 s","0.5 ","-0.3 ","-0.7 ","1.2 ","3.1 ","24.0 ","25.2 ","2004","03 "
"188","2.1 ","2.2 ","-5.8 s","4.0 s","3.0 s","1.2 ","2.4 ","2.2 ","3.1 ","2.3 ","15.4 ","14.1 ","2004","02 "
"189","-0.2 ","-0.2 ","9.8 s","12.0 s","4.8 s","0.3 ","3.8 ","3.0 ","7.4 ","14.1 ","16.3 ","16.1 ","2004","01 "
"190","1.1 ","1.3 ","-5.3 s","-10.4 s","-3.7 s","0.3 ","0.3 ","-0.1 ","2.4 ","8.6 ","14.6 ","14.8 ","2003","12 "
"191","-1.0 ","-1.0 ","2.7 s","7.0 s","3.7 s","-1.0 ","0.1 ","-0.3 ","1.7 ","2.0 ","12.4 ","13.3 ","2003","11 "
"192","0.5 ","0.6 ","-4.2 s","-2.3 s","-2.4 s","0.3 ","1.3 ","1.0 ","2.7 ","2.6 ","5.9 ","5.6 ","2003","10 "
"193","0.7 ","0.5 ","6.4 s","3.8 s","6.3 s","1.7 ","-0.8 ","-1.5 ","2.2 ","10.1 ","13.0 ","12.6 ","2003","09 "
"194","-1.1 ","-1.2 ","-0.8 s","-1.0 s","-3.8 s","-1.1 ","-1.3 ","-1.5 ","-0.4 ","4.0 ","10.8 ","10.2 ","2003","08 "
"195","-0.3 ","-0.7 ","0.8 s","7.1 s","9.7 s","2.0 ","0.8 ","0.8 ","1.0 ","1.7 ","9.2 ","9.3 ","2003","07 "
"196","2.4 ","2.1 ","2.7 s","-0.5 s","-0.5 s","3.5 ","1.0 ","1.7 ","-1.6 ","2.9 ","8.1 ","8.3 ","2003","06 "
"197","-1.8 ","-1.1 ","-4.3 s","-3.1 s","-3.6 s","-4.7 ","-1.2 ","-0.8 ","-2.6 ","-1.8 ","2.3 ","1.5 ","2003","05 "
"198","-2.3 ","-2.4 ","4.5 s","7.3 s","8.2 s","-1.6 ","-0.2 ","-0.1 ","-0.3 ","-0.5 ","-1.0 ","-0.9 ","2003","04 "
"199","2.3 ","2.3 ","-3.3 s","-5.2 s","-6.2 s","2.2 ","0.9 ","0.8 ","2.1 ","10.2 ","1.7 ","0.5 ","2003","03 "
"200","3.4 ","3.2 ","3.8 s","5.7 s","5.6 s","5.1 ","0.0 ","0.0 ","0.2 ","-1.5 ","8.2 ","8.2 ","2003","02 "
"201","-3.3 ","-3.2 ","6.9 s","4.0 s","-0.1 s","-3.9 ","-3.9 ","-3.4 ","-6.7 ","-3.9 ","3.5 ","3.3 ","2003","01 "
"202","0.4 ","0.7 ","-11.5 s","-6.2 s","-0.7 s","-0.6 ","-1.2 ","-0.2 ","-5.8 ","-4.3 ","10.9 ","10.5 ","2002","12 "
"203","0.5 ","0.5 ","3.3 s","-2.5 s","-4.7 s","0.5 ","-1.4 ","-1.5 ","-0.7 ","-1.0 ","-2.5 ","-2.8 ","2002","11 "
"204","-1.6 ","-1.9 ","2.8 s","0.5 s","1.2 s","-0.5 ","-1.7 ","-1.5 ","-2.6 ","-8.4 ","-1.1 ","0.7 ","2002","10 "
"205","0.4 ","0.2 ","0.3 s","8.9 s","7.8 s","1.0 ","0.7 ","0.7 ","0.2 ","3.5 ","10.4 ","11.0 ","2002","09 "
"206","0.4 ","1.1 ","-2.8 s","-5.8 s","-4.8 s","-2.0 ","-5.4 ","-5.7 ","-4.8 ","-14.1 ","-8.5 ","-7.8 ","2002","08 "
"207","-0.4 ","-0.3 ","2.1 s","2.8 s","4.6 s","-1.0 ","-0.8 ","-1.2 ","0.6 ","-8.4 ","-3.5 ","-3.8 ","2002","07 "
"208","0.1 ","-0.7 ","-2.0 s","0.6 s","-1.6 s","3.1 ","0.4 ","0.4 ","0.5 ","-8.6 ","-3.3 ","-3.6 ","2002","06 "
"209","0.0 ","0.5 ","-3.0 s","-9.4 s","-8.5 s","-2.3 ","-1.5 ","-1.5 ","-1.5 ","-10.2 ","0.5 ","1.5 ","2002","05 "
"210","-1.7 ","-2.2 ","15.0 s","10.2 s","9.6 s","1.0 ","0.5 ","0.2 ","1.9 ","-2.3 ","19.3 ","19.5 ","2002","04 "
"211","1.6 ","1.9 ","-13.1 s","0.8 s","0.5 s","0.4 ","2.4 ","3.0 ","-0.1 ","-19.0 ","-7.7 ","-7.1 ","2002","03 "
"212","-0.3 ","-0.2 ","1.3 s","1.3 s","1.2 s","-0.5 ","-0.3 ","0.3 ","-3.0 ","-8.0 ","-6.6 ","-6.0 ","2002","02 "
"213","-0.7 ","-0.1 ","7.0 s","8.6 s","4.2 s","-3.5 ","0.1 ","0.4 ","-0.8 ","-1.7 ","-0.5 ","-0.5 ","2002","01 "
"214","-0.3 ","-1.1 ","-8.9 s","-12.0 s","-6.7 s","2.9 ","-3.1 ","-3.3 ","-2.4 ","-10.8 ","-4.6 ","-4.4 ","2001","12 "
"215","0.2 ","0.7 ","-5.4 s","-4.7 s","-4.7 s","-1.8 ","3.6 ","3.5 ","3.9 ","-7.6 ","-4.9 ","-5.2 ","2001","11 "
"216","0.8 ","0.3 ","17.1 s","8.3 s","8.3 s","3.0 ","2.6 ","1.9 ","5.8 ","2.8 ","8.6 ","6.9 ","2001","10 "
"217","0.1 ","0.4 ","-16.0 s","-3.5 s","-4.3 s","-1.0 ","3.9 ","4.3 ","2.3 ","-11.1 ","-5.2 ","-5.0 ","2001","09 "
"218","-0.3 ","-0.3 ","1.7 s","-7.0 s","-7.7 s","-0.3 ","-0.1 ","-0.3 ","0.0 ","1.4 ","-0.1 ","-0.8 ","2001","08 "
"219","0.6 ","1.1 ","1.7 s","10.0 s","11.0 s","-1.2 ","5.3 ","5.0 ","6.3 ","3.2 ","5.8 ","5.4 ","2001","07 "
"220","-1.9 ","-2.8 ","-2.2 s","1.2 s","1.4 s","2.0 ","4.9 ","4.3 ","6.7 ","5.8 ","-0.5 ","-0.2 ","2001","06 "
"221","2.9 ","3.3 ","5.5 s","4.1 s","3.5 s","0.8 ","3.6 ","4.2 ","0.7 ","-8.0 ","-16.6 ","-16.5 ","2001","05 "
"222","-0.6 ","-0.5 ","-5.0 s","-9.2 s","-9.4 s","-0.7 ","6.1 ","6.6 ","3.7 ","1.2 ","-10.6 ","-9.7 ","2001","04 "
"223","-0.6 ","-0.2 ","-0.7 s","-1.2 s","-0.3 s","-2.4 ","4.4 ","4.3 ","5.1 ","-0.5 ","0.4 ","0.2 ","2001","03 "
"224","0.5 ","0.0 ","7.7 s","7.9 s","6.6 s","2.5 ","8.5 ","8.1 ","10.1 ","5.4 ","0.0 ","-0.4 ","2001","02 "
"225","-4.1 ","-3.8 ","-2.5 s","4.9 s","0.4 s","-5.5 ","6.1 ","6.7 ","3.2 ","2.9 ","-4.4 ","-4.5 ","2001","01 "
"226","6.1 ","5.6 ","-5.6 s","-12.5 s","-6.7 s","8.8 ","12.8 ","11.8 ","17.6 ","4.0 ","-10.0 ","-10.2 ","2000","12 "
"227","-0.5 ","-0.9 ","4.9 s","5.0 s","4.4 s","0.6 ","5.9 ","6.9 ","1.9 ","15.9 ","7.0 ","7.0 ","2000","11 "
"228","2.0 ","2.7 ","0.6 s","0.6 s","0.4 s","-0.9 ","7.2 ","8.1 ","3.3 ","1.7 ","-0.9 ","-0.9 ","2000","10 "
"229","-3.6 ","-4.0 ","-3.6 s","-1.4 s","-1.9 s","-1.4 ","5.3 ","5.8 ","3.7 ","-0.2 ","-3.0 ","-4.0 ","2000","09 "
"230","5.1 ","5.4 ","3.5 s","-4.9 s","-4.8 s","3.9 ","9.8 ","11.0 ","6.5 ","13.5 ","4.5 ","4.2 ","2000","08 "
"231","-0.1 ","0.2 ","4.6 s","10.9 s","10.5 s","-1.3 ","3.6 ","3.7 ","3.4 ","7.1 ","11.7 ","12.1 ","2000","07 "
"232","-3.4 ","-3.5 ","-15.2 s","-17.9 s","-16.7 s","-2.9 ","5.7 ","5.5 ","7.0 ","2.2 ","2.0 ","1.9 ","2000","06 "
"233","6.5 ","7.3 ","15.9 s","7.7 s","9.1 s","3.7 ","11.1 ","12.0 ","7.9 ","25.6 ","35.1 ","33.4 ","2000","05 "
"234","-3.4 ","-4.6 ","-6.8 s","8.8 s","4.8 s","1.2 ","2.8 ","2.2 ","5.9 ","4.5 ","19.2 ","17.0 ","2000","04 "
"235","4.2 ","4.9 ","4.6 s","-3.7 s","-2.5 s","1.2 ","8.6 ","9.7 ","4.7 ","18.6 ","12.8 ","11.9 ","2000","03 "
"236","-1.8 ","-1.4 ","5.4 s","-4.2 s","-3.4 s","-3.2 ","10.9 ","11.4 ","8.9 ","23.2 ","29.1 ","27.5 ","2000","02 "
"237","1.5 ","0.8 ","0.3 s","13.6 s","4.6 s","4.4 ","2.7 ","2.9 ","1.7 ","19.1 ","24.7 ","23.6 ","2000","01 "
"238","-0.4 ","0.4 ","3.3 s","-3.0 s","6.1 s","-3.4 ","7.3 ","7.5 ","6.5 ","-34.1 ","-55.5 ","-55.1 ","1999","12 "
"239","1.0 ","0.6 ","-7.5 s","-6.1 s","-6.6 s","2.4 ","5.6 ","5.2 ","7.3 ","-7.4 ","-16.1 ","-16.8 ","1999","11 "
"240","0.4 ","0.5 ","-1.4 s","4.8 s","2.3 s","-0.3 ","6.9 ","7.1 ","6.4 ","10.7 ","-0.1 ","-0.7 ","1999","10 "
"241","0.6 ","0.5 ","8.9 s","-0.2 s","1.4 s","1.1 ","5.1 ","5.0 ","5.2 ","15.6 ","3.9 ","3.6 ","1999","09 "
"242","-1.1 ","-1.4 ","-1.3 s","8.1 s","8.6 s","0.1 ","4.3 ","5.5 ","0.7 ","8.3 ","4.6 ","4.4 ","1999","08 "
"243","2.1 ","2.1 ","-0.4 s","-1.5 s","-2.4 s","2.0 ","5.5 ","6.1 ","3.2 ","10.4 ","0.3 ","-0.5 ","1999","07 "
"244","1.0 ","1.5 ","3.5 s","1.6 s","1.7 s","-1.1 ","4.0 ","4.1 ","3.8 ","17.1 ","4.0 ","3.2 ","1999","06 "
"245","-0.2 ","-0.6 ","-2.8 s","8.2 s","6.8 s","1.6 ","3.4 ","3.7 ","2.3 ","14.3 ","-0.5 ","-0.9 ","1999","05 "
"246","0.4 ","0.5 ","5.4 s","-3.7 s","-3.8 s","0.4 ","2.7 ","2.4 ","3.4 ","13.4 ","-5.1 ","-4.9 ","1999","04 "
"247","7.5 ","8.3 ","6.8 s","9.3 s","7.7 s","4.3 ","3.1 ","4.4 ","-1.4 ","16.4 ","7.5 ","7.3 ","1999","03 "
"248","-9.3 ","-9.4 ","2.2 s","-6.8 s","-5.6 s","-9.1 ","-6.2 ","-6.3 ","-5.7 ","11.6 ","-6.5 ","-6.4 ","1999","02 "
"249","5.9 ","5.4 ","-44.3 s","-59.1 s","-62.3 s","8.3 ","4.4 ","4.9 ","2.0 ","9.1 ","-1.3 ","-1.2 ","1999","01 "
"250","-2.1 ","-2.2 ","48.0 s","76.4 s","99.4 s","-1.8 ","-2.4 ","-1.0 ","-7.5 ","96.6 ","158.8 ","154.2 ","1998","12 "
"251","2.8 ","2.8 ","10.7 s","19.0 s","15.9 s","2.5 ","2.7 ","3.7 ","-1.0 ","39.2 ","54.6 ","54.8 ","1998","11 "
"252","-1.7 ","-1.7 ","3.4 s","5.4 s","4.2 s","-1.9 ","-1.9 ","-0.7 ","-6.5 ","20.6 ","17.7 ","17.3 ","1998","10 "
"253","0.3 ","1.1 ","0.8 s","-2.5 s","-0.9 s","-3.0 ","-0.4 ","0.6 ","-4.1 ","17.2 ","20.5 ","19.6 ","1998","09 "
"254","-0.4 ","-0.9 ","1.5 s","10.3 s","9.0 s","1.8 ","-0.9 ","-0.2 ","-3.3 ","18.8 ","18.8 ","18.5 ","1998","08 "
"255","0.8 ","0.5 ","6.6 s","-0.8 s","-0.2 s","2.0 ","1.0 ","1.8 ","-2.2 ","17.5 ","12.3 ","11.9 ","1998","07 "
"256","-0.3 ","0.0 ","-1.1 s","-3.0 s","-3.0 s","-1.6 ","-1.3 ","-0.8 ","-3.5 ","9.5 ","13.9 ","13.7 ","1998","06 "
"257","0.3 ","-0.4 ","-3.6 s","3.3 s","2.8 s","2.9 ","1.9 ","2.5 ","-0.9 ","21.0 ","18.8 ","18.4 ","1998","05 "
"258","-0.6 ","0.4 ","8.3 s","5.6 s","4.9 s","-4.3 ","-3.4 ","-1.6 ","-9.9 ","18.4 ","10.3 ","9.4 ","1998","04 "
"259","-0.6 ","-0.8 ","1.6 s","-1.7 s","-2.3 s","0.1 ","0.0 ","1.6 ","-5.3 ","18.4 ","16.9 ","16.1 ","1998","03 "
"260","0.1 ","0.7 ","0.3 s","1.6 s","2.1 s","-2.4 ","-1.6 ","-0.7 ","-5.6 ","17.4 ","11.2 ","10.8 ","1998","02 "
"261","-0.4 ","-0.4 ","5.4 s","3.7 s","-2.4 s","-0.1 ","8.8 ","7.6 ","15.1 ","3.7 ","5.0 ","4.9 ","1998","01 "
"262","2.4 ","2.2 ","-0.8 s","2.2 s","11.0 s","3.0 ","-1.5 ","-1.3 ","-2.9 ","10.8 ","7.6 ","7.6 ","1997","12 "
"263","-1.8 ","-1.3 ","-1.4 s","-3.6 s","-3.6 s","-3.9 ","-0.6 ","-1.0 ","0.7 ","10.3 ","1.7 ","1.2 ","1997","11 "
"264","-0.2 ","-0.5 ","0.0 s","4.4 s","2.8 s","0.9 ","-1.7 ","-1.8 ","-1.4 ","7.8 ","10.5 ","10.2 ","1997","10 "
"265","0.3 ","0.6 ","0.0 s","-3.8 s","-4.9 s","-0.8 ","-5.0 ","-5.3 ","-3.7 ","2.9 ","5.3 ","5.9 ","1997","09 "
"266","0.9 ","0.7 ","3.1 s","4.2 s","6.8 s","1.7 ","-3.0 ","-2.6 ","-4.1 ","8.5 ","8.9 ","8.5 ","1997","08 "
"267","-1.4 ","-2.0 ","-0.8 s","-2.0 s","-1.3 s","0.5 ","-2.7 ","-2.5 ","-3.6 ","4.2 ","3.7 ","3.1 ","1997","07 "
"268","2.5 ","2.7 ","6.9 s","7.6 s","4.2 s","1.9 ","-3.7 ","-3.2 ","-5.7 ","8.4 ","4.8 ","4.4 ","1997","06 "
"269","-4.0 ","-3.3 ","-5.7 s","-7.2 s","-6.8 s","-6.3 ","-6.4 ","-6.1 ","-7.1 ","2.7 ","0.9 ","2.3 ","1997","05 "
"270","1.7 ","1.9 ","9.0 s","8.4 s","8.0 s","0.4 ","-2.9 ","-3.2 ","-2.2 ","-0.4 ","5.9 ","6.5 ","1997","04 "
"271","-1.0 ","-1.3 ","-0.7 s","-3.5 s","-4.3 s","0.3 ","-3.5 ","-4.0 ","-1.9 ","-3.4 ","-7.9 ","-7.6 ","1997","03 "
"272","9.8 ","8.5 ","-9.8 s","-0.9 s","0.1 s","16.0 ","6.4 ","3.9 ","18.3 ","-11.0 ","-4.2 ","-3.6 ","1997","02 "
"273","-9.4 ","-8.4 ","13.2 s","-0.8 s","-5.5 s","-13.2 ","-12.4 ","-11.4 ","-16.9 ","0.1 ","1.5 ","1.1 ","1997","01 "
"274","2.9 ","2.1 ","-2.2 s","3.4 s","10.9 s","5.7 ","-5.0 ","-4.5 ","-7.0 ","6.2 ","28.2 ","28.3 ","1996","12 "
"275","-2.4 ","-1.6 ","-2.6 s","1.4 s","2.3 s","-5.7 ","-7.6 ","-6.9 ","-10.0 ","-4.1 ","-1.0 ","-0.7 ","1996","11 "
"276","-4.1 ","-4.4 ","-4.9 s","-3.8 s","-5.4 s","-2.3 ","-6.2 ","-6.5 ","-5.1 ","-0.5 ","4.2 ","4.1 ","1996","10 "
"277","2.9 ","4.0 ","4.8 s","6.4 s","3.1 s","-0.9 ","-0.8 ","-0.6 ","-1.7 ","8.8 ","12.5 ","12.1 ","1996","09 "
"278","0.9 ","0.5 ","-0.4 s","-4.1 s","-0.6 s","2.2 ","-6.8 ","-6.9 ","-6.4 ","3.5 ","0.8 ","1.1 ","1996","08 "
"279","-2.3 ","-2.7 ","4.2 s","-3.9 s","-2.5 s","-1.3 ","-5.4 ","-5.1 ","-6.4 ","2.1 ","14.2 ","14.4 ","1996","07 "
"280","-0.8 ","-1.0 ","0.0 s","10.4 s","8.3 s","0.4 ","-2.4 ","-2.1 ","-3.0 ","-8.7 ","-7.6 ","-7.0 ","1996","06 "
"281","0.4 ","0.7 ","-8.2 s","-5.7 s","-6.6 s","-0.8 ","-2.2 ","-1.9 ","-3.1 ","-12.1 ","-13.2 ","-14.1 ","1996","05 "
"282","-0.1 ","-0.4 ","5.4 s","-5.7 s","-5.7 s","0.6 ","-1.4 ","-1.6 ","-0.8 ","-1.1 ","1.3 ","0.6 ","1996","04 "
"283","10.5 ","8.4 ","-6.9 s","1.3 s","0.9 s","20.0 ","-1.0 ","-1.0 ","-0.9 ","-8.8 ","-5.5 ","-5.7 ","1996","03 "
"284","-9.5 ","-7.8 ","0.0 s","4.1 s","3.6 s","-15.6 ","-12.4 ","-10.8 ","-19.6 ","4.3 ","2.2 ","2.2 ","1996","02 "
"285","-2.1 ","-1.5 ","20.2 s","21.0 s","16.2 s","-4.5 ","-1.0 ","-1.7 ","1.8 ","-4.8 ","-2.1 ","-1.9 ","1996","01 "
"286","-0.2 ","-0.4 ","-11.7 s","-14.3 s","-8.1 s","0.4 ","-1.2 ","-1.0 ","-2.2 ","-15.7 ","-23.1 ","-23.3 ","1995","12 "
"287","-0.7 ","-0.6 ","0.1 s","-0.4 s","-0.2 s","-0.6 ","-2.0 ","-1.6 ","-3.7 ","-10.9 ","-18.7 ","-18.4 ","1995","11 "
"288","1.1 ","0.9 ","5.0 s","7.3 s","5.5 s","1.3 ","2.2 ","1.7 ","3.7 ","3.8 ","-5.3 ","-5.1 ","1995","10 "
"289","-3.0 ","-2.2 ","-0.9 s","-1.4 s","-3.7 s","-5.6 ","1.7 ","1.8 ","1.9 ","-11.4 ","-19.2 ","-19.3 ","1995","09 "
"290","2.1 ","2.2 ","-1.6 s","-1.7 s","2.4 s","1.5 ","5.9 ","3.9 ","12.4 ","-17.8 ","-23.9 ","-23.6 ","1995","08 "
"291","0.7 ","-0.1 ","-7.7 s","-11.1 s","-10.4 s","3.4 ","1.8 ","0.9 ","5.2 ","-5.1 ","-16.0 ","-16.0 ","1995","07 "
"292","-0.7 ","-1.0 ","-2.3 s","-2.9 s","-5.4 s","0.3 ","1.6 ","2.5 ","-1.9 ","-4.6 ","-12.6 ","-13.1 ","1995","06 "
"293","1.9 ","2.0 ","3.1 s","3.0 s","1.7 s","2.1 ","4.0 ","5.5 ","-1.2 ","3.0 ","-1.3 ","-1.2 ","1995","05 "
"294","-0.7 ","-1.0 ","-2.9 s","0.2 s","0.8 s","0.3 ","-0.5 ","0.6 ","-4.7 ","-5.3 ","-7.8 ","-7.4 ","1995","04 "
"295","-1.4 ","-1.3 ","5.8 s","1.8 s","1.5 s","-1.8 ","1.0 ","2.9 ","-5.4 ","0.9 ","-4.6 ","-3.8 ","1995","03 "
"296","2.4 ","1.7 ","-7.7 s","-2.7 s","-2.8 s","5.8 ","3.6 ","4.7 ","-0.5 ","-12.4 ","-8.7 ","-9.2 ","1995","02 "
"297","-2.8 ","-1.4 ","4.0 s","1.3 s","-3.4 s","-8.6 ","-0.9 ","1.2 ","-9.4 ","2.9 ","-1.7 ","-0.4 ","1995","01 "
"298","-0.7 ","-0.6 ","-4.6 s","-12.0 s","-4.6 s","-1.0 ","6.1 ","6.8 ","3.9 ",": ",": ",": ","1994","12 "
"299","4.3 ","3.3 ","16.0 s","12.0 s","10.8 s","8.3 ","3.8 ","4.3 ","2.1 ",": ",": ",": ","1994","11 "
"300","-0.3 ","0.0 ","-11.3 s","-2.3 s","-4.3 s","-1.6 ","-1.8 ","-0.6 ","-5.7 ",": ",": ",": ","1994","10 "
"301","0.0 ","0.3 ","-5.9 s","-10.0 s","-8.2 s","-1.0 ","-1.3 ","-0.5 ","-4.2 ",": ",": ",": ","1994","09 "
"302","0.0 ","0.0 ","11.1 s","8.5 s","7.4 s","-0.1 ","4.6 ","5.9 ","0.0 ",": ",": ",": ","1994","08 "
"303","0.0 ","0.9 ","-7.1 s","-7.4 s","-7.3 s","-3.3 ","-2.6 ","-2.3 ","-3.5 ",": ",": ",": ","1994","07 "
"304","1.7 ","1.9 ","6.1 s","6.0 s","6.1 s","0.9 ","-2.6 ","-2.4 ","-3.1 ",": ",": ",": ","1994","06 "
"305","-1.7 ","-2.1 ","-4.8 s","2.7 s","2.2 s","-0.8 ","-4.2 ","-4.5 ","-3.7 ",": ",": ",": ","1994","05 "
"306","0.1 ","0.5 ","3.1 s","0.3 s","0.4 s","-1.1 ","-4.1 ","-4.6 ","-2.2 ",": ",": ",": ","1994","04 "
"307","1.4 ","0.8 ","-6.6 s","-2.7 s","-3.3 s","3.1 ","-3.9 ","-4.5 ","-2.3 ",": ",": ",": ","1994","03 "
"308","-1.5 ","-1.3 ","6.3 s","1.6 s","2.6 s","-1.6 ","-6.7 ","-6.4 ","-8.0 ",": ",": ",": ","1994","02 "
"309","2.8 ","3.2 ",": ",": ",": ","1.0 ","-7.3 ","-7.1 ","-8.1 ",": ",": ",": ","1994","01 "
"310","-2.0 ","-2.3 ",": ",": ",": ","-0.8 ","-7.9 ","-9.8 ","-0.4 ",": ",": ",": ","1993","12 "
"311","-1.3 ","-1.2 ",": ",": ",": ","-1.0 ","-8.0 ","-8.4 ","-6.1 ",": ",": ",": ","1993","11 "
"312","-0.5 ","-0.7 ",": ",": ",": ","0.2 ","-8.7 ","-9.6 ","-5.5 ",": ",": ",": ","1993","10 "
"313","-0.7 ","-1.3 ",": ",": ",": ","1.7 ","-8.9 ","-9.1 ","-8.6 ",": ",": ",": ","1993","09 "
"314","-0.9 ","-0.5 ",": ",": ",": ","-2.4 ","-3.8 ","-2.9 ","-6.2 ",": ",": ",": ","1993","08 "
"315","-0.3 ","0.4 ",": ",": ",": ","-2.3 ","-9.2 ","-9.5 ","-8.0 ",": ",": ",": ","1993","07 "
"316","0.1 ","-0.1 ",": ",": ",": ","0.6 ","-7.5 ","-7.7 ","-6.6 ",": ",": ",": ","1993","06 "
"317","-1.2 ","-1.8 ",": ",": ",": ","1.3 ","-7.2 ","-6.7 ","-8.9 ",": ",": ",": ","1993","05 "
"318","-0.2 ","0.0 ",": ",": ",": ","-1.1 ","-8.2 ","-7.0 ","-12.5 ",": ",": ",": ","1993","04 "
"319","-1.6 ","-1.0 ",": ",": ",": ","-3.6 ","-6.8 ","-5.7 ","-10.4 ",": ",": ",": ","1993","03 "
"320","-1.2 ","-1.4 ",": ",": ",": ","-0.1 ","-6.0 ","-5.7 ","-7.2 ",": ",": ",": ","1993","02 "
"321","0.8 ","-0.7 ",": ",": ",": ","6.6 ","-3.8 ","-3.0 ","-6.7 ",": ",": ",": ","1993","01 "
"322","-1.4 ","-0.2 ",": ",": ",": ","-5.7 ","-3.5 ","-0.4 ","-14.6 ",": ",": ",": ","1992","12 "
"323","-1.9 ","-2.2 ",": ",": ",": ","-0.7 ","-2.6 ","-1.1 ","-7.6 ",": ",": ",": ","1992","11 "
"324","-1.4 ","-0.9 ",": ",": ",": ","-3.3 ","-0.7 ","1.5 ","-7.7 ",": ",": ",": ","1992","10 "
"325","5.5 ","5.6 ",": ",": ",": ","5.3 ","2.4 ","4.2 ","-3.2 ",": ",": ",": ","1992","09 "
"326","-6.5 ","-6.9 ",": ",": ",": ","-5.2 ","-4.0 ","-2.3 ","-9.1 ",": ",": ",": ","1992","08 "
"327","1.3 ","1.8 ",": ",": ",": ","-0.7 ","2.9 ","5.3 ","-5.0 ",": ",": ",": ","1992","07 "
"328","0.6 ","1.3 ",": ",": ",": ","-1.3 ","4.6 ","7.0 ","-3.2 ",": ",": ",": ","1992","06 "
"329","-2.0 ","-1.8 ",": ",": ",": ","-2.8 ","0.8 ","2.5 ","-4.0 ",": ",": ",": ","1992","05 "
"330","1.0 ","0.9 ",": ",": ",": ","1.1 ","3.0 ","5.3 ","-4.5 ",": ",": ",": ","1992","04 "
"331","-0.9 ","-1.2 ",": ",": ",": ","0.3 ","2.8 ","5.6 ","-5.2 ",": ",": ",": ","1992","03 "
"332","2.0 ","2.1 ",": ",": ",": ","1.7 ","16.9 ","18.2 ","11.8 ",": ",": ",": ","1992","02 "
"333","0.5 ","1.1 ",": ",": ",": ","-1.8 ","0.0 ","3.2 ","-10.8 ",": ",": ",": ","1992","01 "
"334","-0.5 ","-0.5 ",": ",": ",": ","-0.4 ","4.8 ","7.7 ","-4.8 ",": ",": ",": ","1991","12 "
"335","0.3 ","0.7 ",": ",": ",": ","-1.6 ","0.6 ","3.2 ","-7.8 ",": ",": ",": ","1991","11 "
"336","1.3 ","1.1 ",": ",": ",": ","2.5 ","0.7 ","2.7 ","-5.7 ",": ",": ",": ","1991","10 "
"337","-0.4 ","-0.8 ",": ",": ",": ","0.8 ","0.7 ","4.0 ","-8.8 ",": ",": ",": ","1991","09 "
"338","-0.4 ","0.5 ",": ",": ",": ","-3.4 ","-1.0 ","5.1 ","-14.1 ",": ",": ",": ","1991","08 "
"339","2.8 ","3.3 ",": ",": ",": ","1.5 ","3.2 ","6.2 ","-5.6 ",": ",": ",": ","1991","07 "
"340","-2.6 ","-2.9 ",": ",": ",": ","-1.6 ","-1.8 ","0.1 ","-7.7 ",": ",": ",": ","1991","06 "
"341","0.0 ","1.2 ",": ",": ",": ","-3.4 ","-0.6 ","1.4 ","-6.8 ",": ",": ",": ","1991","05 "
"342","0.9 ","1.0 ",": ",": ",": ","0.4 ","1.2 ","1.9 ","-1.0 ",": ",": ",": ","1991","04 "
"343","12.0 ","10.4 ",": ",": ",": ","17.5 ","-1.1 ","0.5 ","-4.8 ",": ",": ",": ","1991","03 "
"344","-12.1 ","-10.5 ",": ",": ",": ","-17.4 ","-9.1 ","-6.8 ","-16.6 ",": ",": ",": ","1991","02 "
"345","4.9 ","5.0 ",": ",": ",": ","4.1 ","2.7 ","3.4 ","0.7 ",": ",": ",": ","1991","01 "
"346","-4.5 ","-4.4 ",": ",": ",": ","-4.4 ",": ",": ",": ",": ",": ",": ","1990","12 "
"347","0.4 ","0.5 ",": ",": ",": ","0.3 ",": ",": ",": ",": ",": ",": ","1990","11 "
"348","1.3 ","2.0 ",": ",": ",": ","-0.9 ",": ",": ",": ",": ",": ",": ","1990","10 "
"349","-0.2 ","0.1 ",": ",": ",": ","-1.1 ",": ",": ",": ",": ",": ",": ","1990","09 "
"350","1.7 ","1.7 ",": ",": ",": ","2.3 ",": ",": ",": ",": ",": ",": ","1990","08 "
"351","-2.2 ","-2.6 ",": ",": ",": ","-1.4 ",": ",": ",": ",": ",": ",": ","1990","07 "
"352","-1.1 ","-1.5 ",": ",": ",": ","-0.1 ",": ",": ",": ",": ",": ",": ","1990","06 "
"353","2.0 ","1.6 ",": ",": ",": ","3.0 ",": ",": ",": ",": ",": ",": ","1990","05 "
"354","-1.4 ","-0.6 ",": ",": ",": ","-3.8 ",": ",": ",": ",": ",": ",": ","1990","04 "
"355","2.7 ","2.4 ",": ",": ",": ","3.8 ",": ",": ",": ",": ",": ",": ","1990","03 "
"356","-0.6 ","-0.7 ",": ",": ",": ","-0.8 ",": ",": ",": ",": ",": ",": ","1990","02 "
"357",": ",": ",": ",": ",": ",": ",": ",": ",": ",": ",": ",": ","1990","01 "
